engine,disks,key_bytes,value_bytes,clients,repeat,ops_per_second,logical_gib_s,physical_gib_s,physical_iops,p50_us,p99_us,p999_us,cpu_cores,cpu_us_per_op,rss_mib,read_amplification,min_disk_iops,max_disk_iops
foyer,1,16,128,8,1,145521.6403034514,0.017347531354838776,0.5551004043519387,145516.24039843463,53.791,63.935,91.775,1.5618541272982716,10.732796332156438,63.0,31.998812568631198,145516.24039843463,145516.24039843463
foyer,1,16,128,8,2,145779.28613447287,0.017378245131310567,0.556076378930607,145772.08627838505,53.695,63.935,91.583,1.563545747534889,10.72543149986761,63.0,31.998419560138345,145772.08627838505,145772.08627838505
foyer,1,16,128,8,3,145721.96921619546,0.017371412422203476,0.5558531547199188,145713.5693908984,53.727,63.935,91.135,1.5616589199931186,10.716702007205354,63.0,31.99815542974781,145713.5693908984,145713.5693908984
foyer,1,16,128,32,1,540780.2092450905,0.06446602454723006,2.0624466634581125,540657.8181601305,58.271,89.727,105.023,2.481385254409237,4.588528226417829,63.0,31.992769492821637,540657.8181601305,540657.8181601305
foyer,1,16,128,32,2,540373.8683909302,0.06441758494269016,2.060860746859119,540241.8796587819,58.303,89.791,104.959,2.485333427582353,4.599285000555121,63.0,31.99220754228193,540241.8796587819,540241.8796587819
foyer,1,16,128,32,3,540326.5613436213,0.06441194550318972,2.0607222474042968,540205.572861628,58.303,89.791,104.767,2.4835909641270857,4.596462846377902,63.0,31.99285833250058,540205.572861628,540205.572861628
foyer,1,16,128,128,1,845215.0082594095,0.10075748065226191,3.221142213809773,844398.5061747287,151.039,200.831,226.047,2.9903599139569845,3.537987239619859,63.0,31.96926117006342,844398.5061747287,844398.5061747287
foyer,1,16,128,128,2,843303.059140762,0.1005295585561707,3.2138927320665194,842497.4978955816,151.423,201.087,226.303,2.9910219113546415,3.5467936217404232,63.0,31.969629412733994,842497.4978955816,842497.4978955816
foyer,1,16,128,128,3,849804.2762879522,0.1013045640335026,3.2386105558944713,848975.5276260396,150.271,199.807,224.639,2.9904790648539894,3.519020965529573,63.0,31.969048845848892,848975.5276260396,848975.5276260396
foyer,1,16,4096,8,1,135186.41224939591,0.5156952371574246,1.031338596039101,135179.61246003705,57.727,85.247,99.903,1.602307764350999,11.852579987070106,63.0,1.9998994012897346,135179.61246003705,135179.61246003705
foyer,1,16,4096,8,2,135211.9010513974,0.5157924692207237,1.031528482215848,135204.50122099562,57.695,85.375,99.455,1.6036892447254618,11.860562807380836,63.0,1.9998905446880892,135204.50122099562,135204.50122099562
foyer,1,16,4096,8,3,135196.19147984879,0.5157325419610931,1.0314055757049814,135188.39161880332,57.727,85.183,99.711,1.6019626610351938,11.849170035784395,63.0,1.999884614189792,135188.39161880332,135188.39161880332
foyer,1,16,4096,32,1,446009.4164243638,1.7013909012770225,3.402028099122978,445910.62700824696,69.823,108.607,133.759,2.4945143482096923,5.592963413660848,63.0,1.9995570074869322,445910.62700824696,445910.62700824696
foyer,1,16,4096,32,2,445981.2064294534,1.7012832886865745,3.4017625181449556,445875.8167782956,69.823,108.671,133.631,2.4877889090802827,5.578237094333275,63.0,1.9995273807522,445875.8167782956,445875.8167782956
foyer,1,16,4096,32,3,446062.87251663575,1.7015948200860433,3.402393210171136,445958.2828633345,69.823,108.671,133.759,2.490144658455432,5.582497024256515,63.0,1.9995319508548397,445958.2828633345,445958.2828633345
foyer,1,16,4096,128,1,692076.35293686,2.6400617711519625,5.274984347711348,691399.3494096475,184.319,250.751,282.623,2.9975334876050823,4.331217899419481,63.0,1.9980533809289112,691399.3494096475,691399.3494096475
foyer,1,16,4096,128,2,693338.9193631469,2.6448780798459888,5.284621715141103,692664.9377709257,183.935,250.367,281.343,2.997289110480013,4.322978310857143,63.0,1.9980587216514822,692664.9377709257,692664.9377709257
foyer,1,16,4096,128,3,693638.4927048262,2.646020861453347,5.286991162349792,692974.3063389095,183.807,250.367,281.599,2.9975912313751283,4.321546832970724,63.0,1.9980912620038347,692974.3063389095,692974.3063389095
foyer,1,256,65536,8,1,89695.19336564344,5.474560141946011,5.811765777035362,89618.79575618576,86.847,130.495,154.367,1.7300194663068837,19.287761154094852,80.1953125,1.0615950188409997,89618.79575618576,89618.79575618576
foyer,1,256,65536,8,2,89721.50310082176,5.476165960743516,5.81382215261196,89650.50555142997,86.783,130.879,155.263,1.7258986275022543,19.236176031991228,80.1953125,1.061659232807948,89650.50555142997,89650.50555142997
foyer,1,256,65536,8,3,89627.08757390607,5.4704032943057905,5.807349143438283,89550.6902269109,86.847,131.071,155.775,1.7289193608547073,19.29014327760063,80.1953125,1.0615943342757241,89550.6902269109,89550.6902269109
foyer,1,256,65536,32,1,206874.79187173618,12.626635246077647,13.365026687958109,206091.85624047593,143.359,315.903,418.047,2.4246864553729455,11.720550548644265,80.1953125,1.0584788763981947,206091.85624047593,206091.85624047593
foyer,1,256,65536,32,2,206813.715235122,12.622907424018678,13.360573227609152,206023.18283402195,143.359,316.671,420.607,2.424422886144351,11.722737456691773,80.1953125,1.0584386606675775,206023.18283402195,206023.18283402195
foyer,1,256,65536,32,3,206766.64738329302,12.620034630327943,13.357870913541175,205981.5125152552,143.359,317.183,422.911,2.430162802442494,11.753166350555501,80.1953125,1.0584654721501394,205981.5125152552,205981.5125152552
foyer,1,256,65536,128,1,213977.07921509998,13.060124463812254,13.662810074986991,210683.54619991232,525.311,1559.551,2140.159,2.4684541107198554,11.53606788060906,105.734375,1.0461470036403322,210683.54619991232,210683.54619991232
foyer,1,256,65536,128,2,213954.51242046827,13.058747095975846,13.662490958388616,210678.62535003107,523.519,1581.055,2179.071,2.468456182001156,11.537294325207267,105.734375,1.0462329087144064,210678.62535003107,210678.62535003107
foyer,1,256,65536,128,3,213966.6772465049,13.059489578033746,13.662990062381965,210686.52158312104,524.031,1581.055,2170.879,2.4704074711752484,11.545757979543525,106.80078125,1.0462116440877838,210686.52158312104,210686.52158312104
foyer,1,4096,262144,8,1,38649.29202594651,9.435862311022097,9.698759628715868,38522.2976380317,197.887,371.455,456.191,1.9712622867655287,51.003839486688584,283.04296875,1.0278615042301622,38522.2976380317,38522.2976380317
foyer,1,4096,262144,8,2,38347.3857222452,9.36215471734502,9.622295946114102,38218.193182158364,199.167,375.295,461.823,1.8281136399653326,47.67244508417297,283.04296875,1.0277864697415358,38218.193182158364,38218.193182158364
foyer,1,4096,262144,8,3,38458.204642201985,9.389210117725094,9.653318424059893,38341.6106915392,198.655,373.503,458.239,1.870106571764653,48.62698581910654,283.04296875,1.0281289163862903,38341.6106915392,38341.6106915392
foyer,1,4096,262144,32,1,55174.75979034338,13.470400339439301,13.685643559735244,54356.717546190775,550.911,1141.759,1448.959,2.14437106747487,38.865073008440646,283.04296875,1.0159789772294847,54356.717546190775,54356.717546190775
foyer,1,4096,262144,32,2,55171.54271330797,13.469614920241204,13.685642141122267,54356.91188492235,550.399,1149.951,1476.607,2.1417612277278275,38.82003515575452,283.04296875,1.0160381140931083,54356.91188492235,54356.91188492235
foyer,1,4096,262144,32,3,55172.79878820785,13.469921579152308,13.685245166535694,54354.93518397542,550.399,1147.903,1483.775,2.1174158768602847,38.37789496574972,283.04296875,1.015985511579863,54354.93518397542,54354.93518397542
foyer,1,4096,262144,128,1,57799.552826078994,14.111218951679442,13.685476704068018,54356.45502381383,2107.391,4145.151,5111.807,2.1350162397524275,36.93828300327463,297.78125,0.9698295201095469,54356.45502381383,54356.45502381383
foyer,1,4096,262144,128,2,57855.12230022502,14.124785717828374,13.685629232466045,54356.86098166988,2109.439,4136.959,5124.095,2.1367103518659403,36.93208599193696,297.78125,0.9689088037060963,54356.86098166988,54356.86098166988
foyer,1,4096,262144,128,3,57843.08189817419,14.121846166546433,13.684798751062296,54354.36187573446,2111.487,4108.287,5214.207,2.143120150182522,37.05058720687166,297.78125,0.9690516799057428,54354.36187573446,54354.36187573446
foyer,20,16,128,160,1,577844.1789269447,0.0688843940409356,2.204161063939628,577802.4006474639,232.447,841.727,1169.407,38.73977539851828,67.04190647114928,466.5,31.997974209220324,28631.714377421526,29060.69135237804
foyer,20,16,128,160,2,578834.5195683291,0.0690024518452083,2.207967914388928,578801.5438987081,232.319,846.335,1212.415,38.715953477734246,66.88604803080335,466.53515625,31.99839796043791,28679.23964823298,29121.31347369807
foyer,20,16,128,160,3,578356.5323107006,0.06894547132381208,2.2061285105427046,578319.7544317195,232.063,846.847,1205.247,38.744962627109864,66.99148442624586,475.64453125,31.998164175008863,28665.758228670504,29094.700230265364
foyer,20,16,128,640,1,588035.3813636141,0.07009928004307915,2.242627579725183,587883.7948957755,643.583,5509.119,7651.327,40.422323397241286,68.74131162567916,563.3046875,31.992162806051468,29207.38581635371,29621.11130084894
foyer,20,16,128,640,2,587473.9242399833,0.0700323491382579,2.2405160886412254,587331.8726140063,615.423,5885.951,9510.911,40.33913877761436,68.66541154111856,568.51953125,31.992587942723407,29173.18028077254,29582.599763777867
foyer,20,16,128,640,3,588516.6442607703,0.07015665105113629,2.2444177294098897,588353.0702314925,612.863,6410.239,11296.767,40.35057881692343,68.563190540868,575.49609375,31.99151749381484,29229.344140354253,29639.57425762955
foyer,20,16,128,2560,1,585853.8735220005,0.06983922404313093,2.2326727186856137,585274.6353867702,1254.399,31621.119,36208.639,40.365042503990956,68.89950605144396,1069.05078125,31.96875035877792,29123.135955572085,29418.492012914536
foyer,20,16,128,2560,2,585245.8998230044,0.06976674793040805,2.230346061116468,584665.309917933,1042.943,29573.119,34209.791,40.331236585938846,68.91331762962578,1085.0,31.96861151305527,29088.04878403532,29407.91722577318
foyer,20,16,128,2560,3,584437.8273795113,0.06967041818851367,2.2273569189696207,583880.7345788636,1161.215,28721.151,34340.863,40.35461410660063,69.04860058005093,1146.51171875,31.96990884915971,28996.126346213074,29373.9840341524
foyer,20,16,4096,160,1,757069.0124456509,2.8879890916658435,5.775628945452383,757018.4397262143,185.087,565.247,780.287,41.16054246979023,54.36828319894429,469.5,1.9998790722997148,37691.268108785036,38056.6709986272
foyer,20,16,4096,160,2,756529.892409299,2.8859325119373285,5.771523380228609,756481.5141072191,184.959,566.783,788.479,41.166029021920316,54.41427950826906,469.5,1.999881617589935,37663.30781059775,38027.34453823241
foyer,20,16,4096,160,3,755243.6237172366,2.8810257862748587,5.7616733573872745,755190.4522288202,185.727,562.687,774.655,41.12176251317823,54.44834119986458,472.3046875,1.9998687220488465,37597.239630723554,37950.650125160275
foyer,20,16,4096,640,1,766659.4373565258,2.92457365934954,5.847783341619826,766469.2976013861,458.239,5156.863,7749.631,43.289018597986825,56.46446973541367,587.8984375,1.9995336150707324,38098.10741556577,38506.88795832402
foyer,20,16,4096,640,2,766196.8638725096,2.9228090815449126,5.844185633449837,765998.9337522361,447.487,5464.063,9396.223,43.31443273366959,56.53172804016703,600.1640625,1.999509879160759,38086.49908509931,38483.95392883084
foyer,20,16,4096,640,3,764493.1266068842,2.916309839656388,5.831207125624932,764299.0120376573,446.463,5259.263,7688.191,43.3160702271156,56.65985568682488,609.5625,1.999515636621104,38002.80968482587,38392.2346009134
foyer,20,16,4096,2560,1,760776.1627191788,2.9021307476775315,5.798656450332204,760031.4235369093,609.279,27394.047,31883.263,43.1163800249773,56.67419950550241,1055.56640625,1.9980686448991505,37693.08716967513,38228.03510219131
foyer,20,16,4096,2560,2,760413.6304993326,2.900747797009783,5.795913503379993,759672.0954848806,633.855,26968.063,30195.711,43.13950464518953,56.73162988525282,1136.17578125,1.9980756373769113,37659.23013176448,38190.930298002204
foyer,20,16,4096,2560,3,762089.5858304421,2.9071410592286764,5.808628484953693,761337.6726896788,578.047,29474.815,37191.679,43.179736911835164,56.65966011696983,1266.46484375,1.9980552599999533,37840.95361657662,38291.784989320506
foyer,20,256,65536,160,1,700616.483245644,42.76223652622339,45.39177471338265,699891.8792725834,205.055,549.887,751.103,42.22566487533229,60.269299802539045,220.75390625,1.0614920640445626,34132.54511005093,35827.41878938356
foyer,20,256,65536,160,2,698053.1586641523,42.605783609872574,45.22513668380112,697327.4888839206,206.335,544.255,727.039,42.34812880610141,60.66605140379569,229.59765625,1.0614788146584304,33993.96188342595,35698.316575195546
foyer,20,256,65536,160,3,701028.4194864264,42.78737911904458,45.41880481960204,700309.0966013554,205.183,545.791,735.231,42.154872772660774,60.132901321666026,237.08203125,1.061500044048882,34154.345989267465,35841.426976454204
foyer,20,256,65536,640,1,717142.7016605859,43.770916849401,46.32726282448214,714260.0659682098,379.135,6619.135,9068.543,43.52672955465552,60.69465596438034,451.95703125,1.0584028427797514,34988.96511845318,36440.74968943897
foyer,20,256,65536,640,2,719086.3613045566,43.889548419467566,46.45282460698113,716195.2574931196,371.711,6447.103,8740.863,43.47993106685022,60.46552042507041,484.734375,1.0584028835980597,35062.68338723953,36526.67726954982
foyer,20,256,65536,640,3,718588.4707905526,43.859159594149936,46.41784348875817,715668.4062444984,368.127,8880.127,10969.087,43.51072788980843,60.55027273390603,529.3515625,1.0583386439294546,35066.09360756477,36503.09949600322
foyer,20,256,65536,2560,1,719557.0708098916,43.918278247674046,45.94805974278438,708411.759044216,528.383,20185.087,23511.039,43.713380014469,60.750400194480434,1337.88671875,1.0462172374714584,33562.57757261108,36475.34991105904
foyer,20,256,65536,2560,2,720299.0582105919,43.96356556461132,45.996873903541356,709162.6808611642,514.303,19709.951,22446.079,43.67527833911884,60.63492356580261,1471.29296875,1.0462498505937097,33535.60082496378,36498.61186673318
foyer,20,256,65536,2560,3,721082.3239827265,44.01137231339884,46.04488313958918,709902.8159619195,524.799,20135.935,23576.575,43.67535729477101,60.56916920878128,1615.984375,1.04620421312269,33805.66869164683,36558.04991231072
foyer,20,4096,262144,160,1,317022.2710502913,77.39801539313753,79.51198190529703,315761.40790465,411.135,1628.159,2406.399,47.07012020131027,148.47575233552985,531.60546875,1.02731292916778,14938.561103769354,16377.435509554232
foyer,20,4096,262144,160,2,345441.9022803517,84.33640192391398,86.64463374163073,344094.0300805778,384.767,1415.167,2088.959,47.99902495732272,138.94963129970247,539.1875,1.0273693418863088,16288.15440227782,17807.257920641412
foyer,20,4096,262144,160,3,348667.1517117804,85.12381633588389,87.46103187146073,347348.45294148434,388.351,1359.871,2033.663,48.95755259789289,140.41343544275944,543.109375,1.0274566582677003,16440.77701724406,17984.653592710365
foyer,20,4096,262144,640,1,437653.3218935981,106.84895554042923,108.51345767431002,430978.40485157596,506.623,7671.807,10756.095,47.9639967910392,109.59358558850414,882.16796875,1.0155780852088065,20824.66585631129,22477.46452721774
foyer,20,4096,262144,640,2,452338.53159317747,110.43421181474059,112.16251535156943,445474.8123107242,491.007,7483.391,10387.455,48.56722213185714,107.36919085977257,921.87890625,1.0156500735453988,21494.016849155887,23215.919276175784
foyer,20,4096,262144,640,3,459792.8410431993,112.25411158281233,114.00076137060957,452775.7169796752,479.487,7389.183,10330.111,48.81502437577331,106.16743023884305,973.78125,1.015559784520754,21852.033069910394,23567.56440729958
foyer,20,4096,262144,2560,1,587818.1025431987,143.51027894121063,139.2301554359996,552922.3488085279,3989.503,12050.431,14934.015,56.17050526401887,95.55763087423955,2059.515625,0.9701754917014384,26521.738964220505,29299.35084254613
foyer,20,4096,262144,2560,2,589022.4204538615,143.80430186861852,139.51105964517126,554029.372707079,4014.079,11943.935,14761.983,56.2885705396764,95.56269606223847,2264.9375,0.9701452448385749,26534.123190911494,29358.317307283687
foyer,20,4096,262144,2560,3,594704.573479742,145.19154625970265,140.86998835723267,559427.8425914061,3934.207,11927.551,14991.359,56.26182226884063,94.60465713192825,2442.2421875,0.9702354715973611,26792.386174316212,29640.36532938164
moat,1,16,128,8,1,145507.67560038622,0.01734586663250759,0.5550395041642007,145500.27577962022,53.823,64.063,91.583,1.5260266374984024,10.487602328892894,578.7265625,31.998372633859113,145500.27577962022,145500.27577962022
moat,1,16,128,8,2,145237.22712252152,0.017313626661601248,0.5540177429487305,145232.427207552,53.951,64.159,91.199,1.544345641916954,10.633263058748364,578.7265625,31.99894243864285,145232.427207552,145232.427207552
moat,1,16,128,8,3,145323.89415628515,0.017323958177123684,0.5543399592842809,145316.89428661854,53.919,64.319,91.455,1.5415708968748434,10.607828160845989,578.7265625,31.99845864418489,145316.89428661854,145316.89428661854
moat,1,16,128,32,1,510141.8386578061,0.06081364615652634,1.9456216582532935,510029.04417686263,61.567,92.927,108.543,2.124599442924338,4.164722988638227,578.7265625,31.993175565324908,510029.04417686263,510029.04417686263
moat,1,16,128,32,2,508996.6481950958,0.06067712881506632,1.9412660734892553,508888.4537115214,61.695,93.055,108.863,2.13453216831596,4.193607513693891,578.7265625,31.99337396807136,508888.4537115214,508888.4537115214
moat,1,16,128,32,3,510159.1834753834,0.060815713819907115,1.9457061327081586,510052.7885675075,61.535,92.927,108.607,2.1283973336265722,4.17202591380828,578.7265625,31.993476858134994,510052.7885675075,510052.7885675075
moat,1,16,128,128,1,742573.0733904736,0.0885216085184185,2.830975943638521,742111.3600202757,172.927,232.447,254.335,2.1055519420268833,2.835481136439892,590.5546875,31.98062022392517,742111.3600202757,742111.3600202757
moat,1,16,128,128,2,742945.4146490041,0.08856599505531837,2.832413106657917,742489.7034580922,172.799,232.447,254.207,2.1007702014829808,2.8276238873827158,592.1015625,31.980819555957,742489.7034580922,742489.7034580922
moat,1,16,128,128,3,743551.8836018068,0.08863829178831659,2.8347052282733562,743087.9697748208,172.799,231.935,253.055,2.103096345227063,2.828445992281731,592.1015625,31.98059406473127,743087.9697748208,743087.9697748208
moat,1,16,4096,8,1,136180.49657201816,0.5194873679047324,1.0389167535620791,136172.89672288884,57.311,84.863,99.263,1.5126893703931568,11.107973670761151,578.3046875,1.999888385645219,136172.89672288884,136172.89672288884
moat,1,16,4096,8,2,135846.8975976661,0.5182147888094563,1.036380750465231,135840.49772497875,57.375,85.823,102.143,1.5155442512782096,11.156266930487835,578.3046875,1.9999057781546652,135840.49772497875,135840.49772497875
moat,1,16,4096,8,3,135836.38337825608,0.5181746802454227,1.0362990075310279,135829.7835151069,57.375,86.335,102.719,1.5102516843272247,11.11816765705334,578.3046875,1.9999028262828402,135829.7835151069,135829.7835151069
moat,1,16,4096,32,1,433912.5726844597,1.6552451045397174,3.3098051283332452,433820.97788305086,71.871,110.783,135.679,2.0802221340804694,4.794104308181001,578.3046875,1.9995861152258898,433820.97788305086,433820.97788305086
moat,1,16,4096,32,2,434839.17633524816,1.6587798169526984,3.31683640526437,434743.18137379334,71.743,110.527,135.167,2.07547846311662,4.772979473948059,578.66015625,1.9995639996136705,434743.18137379334,434743.18137379334
moat,1,16,4096,32,3,435272.0319136376,1.660431029943991,3.320170873215436,435178.83683128114,71.679,110.399,134.911,2.074559731291747,4.766122284887261,580.16015625,1.9995837305735191,435178.83683128114,435178.83683128114
moat,1,16,4096,128,1,679219.1039968746,2.5910152587771402,5.178717362662062,678775.645084924,186.239,248.959,280.319,2.0882976006004963,3.07455663174354,592.8828125,1.9987212908604088,678775.645084924,678775.645084924
moat,1,16,4096,128,2,680219.9574368981,2.5948332116580892,5.186269214147541,679765.081044736,185.983,248.319,279.807,2.085747220301803,3.066283483008937,592.8828125,1.9986907793713389,679765.081044736,679765.081044736
moat,1,16,4096,128,3,677862.0673929779,2.585838574954902,5.168406437216291,677426.3701899818,186.751,248.959,280.575,2.0842102581011743,3.07468194247384,593.3046875,1.9987351442873535,677426.3701899818,677426.3701899818
moat,1,256,65536,8,1,78861.61843460848,4.813331203284209,5.1099364065033654,78796.42172625988,88.575,227.327,1501.183,1.3230852000744184,16.7773021444077,545.60546875,1.0616216068856383,78796.42172625988,78796.42172625988
moat,1,256,65536,8,2,64830.38093040686,3.9569324298344033,4.2009334977770285,64779.38299066244,115.071,270.847,343.039,1.2700178928011525,19.589857017259735,545.60546875,1.0616641987876545,64779.38299066244,64779.38299066244
moat,1,256,65536,8,3,65895.53940170113,4.02194454356086,4.269710571253866,65839.94164651609,114.687,242.687,313.855,1.2732871897564266,19.322813066214255,545.60546875,1.0616035415231373,65839.94164651609,65839.94164651609
moat,1,256,65536,32,1,155560.41340900332,9.494654138733113,10.050733745734707,154984.67923775758,192.639,421.375,551.423,1.5560460835580616,10.002841015000817,545.7890625,1.0585676527945431,154984.67923775758,154984.67923775758
moat,1,256,65536,32,2,155797.33854861432,9.509114901648823,10.066527225213845,155228.21840743872,192.255,419.583,548.863,1.5571824964635328,9.994923603766418,545.7890625,1.0586187388973887,155228.21840743872,155228.21840743872
moat,1,256,65536,32,3,156062.74473705504,9.52531400983002,10.08329823297758,155486.83129327497,192.127,419.839,547.327,1.5565908540455013,9.974134804998783,546.8671875,1.0585790896312421,155486.83129327497,155486.83129327497
moat,1,256,65536,128,1,189022.7357035119,11.537032208466302,12.07338793020185,186174.48268087258,596.991,1886.207,2592.767,1.6403458756638603,8.678034785385787,560.9375,1.0464899215018184,186174.48268087258,186174.48268087258
moat,1,256,65536,128,2,189166.47345637382,11.545805264671253,12.078641320337017,186255.49119284863,598.015,1881.087,2541.567,1.6415973059362274,8.678056295820399,560.9375,1.046149752524943,186255.49119284863,186255.49119284863
moat,1,256,65536,128,3,189066.77931141327,11.539720416956376,12.075072901644912,186200.46533698848,598.015,1878.015,2539.519,1.6389946717352117,8.668866512162943,560.9375,1.0463921538256589,186200.46533698848,186200.46533698848
moat,1,4096,262144,8,1,41542.77578316745,10.142279243937367,10.425036932126076,41406.983053564516,181.887,373.503,469.247,1.2330263832742288,29.68088578649657,608.02734375,1.0278791069924178,41406.983053564516,41406.983053564516
moat,1,4096,262144,8,2,41560.33302177337,10.146565679143889,10.428601212822716,41421.13994445755,181.759,371.199,461.055,1.2335490501781192,29.68092314207072,608.02734375,1.027796157103536,41421.13994445755,41421.13994445755
moat,1,4096,262144,8,3,41517.224645517716,10.136041173222099,10.419509726203275,41385.029661603505,181.887,372.479,463.359,1.233196606848032,29.703252502480808,608.02734375,1.0279663971502067,41385.029661603505,41385.029661603505
moat,1,4096,262144,32,1,55167.21795074692,13.468559070006572,13.686560145611436,54361.35792138128,549.375,1170.431,1490.943,1.3004735194539332,23.573302547447486,608.02734375,1.0161859241565296,54361.35792138128,54361.35792138128
moat,1,4096,262144,32,2,55182.49112132422,13.472287871417047,13.686726990146886,54362.02060765251,548.351,1179.647,1503.231,1.3009326873236597,23.575098928814743,608.02734375,1.0159170528997377,54362.02060765251,54362.02060765251
moat,1,4096,262144,32,3,55159.15375221965,13.466590271538001,13.686845215483949,54362.49018436097,549.375,1175.551,1488.895,1.3006854518933475,23.580591133362102,608.02734375,1.0163556579286044,54362.49018436097,54362.49018436097
moat,1,4096,262144,128,1,57846.42930348175,14.12266340417035,13.684144582134973,54351.76359604834,2117.631,4050.943,5021.695,1.3092311054115726,22.6328767596511,611.78515625,0.9689492831850764,54351.76359604834,54351.76359604834
moat,1,4096,262144,128,2,57781.258512504086,14.106752566529318,13.684126600513727,54351.69217522834,2121.727,4065.279,4984.831,1.3092230607303412,22.658264884400545,611.78515625,0.9700408748205918,54351.69217522834,54351.69217522834
moat,1,4096,262144,128,3,57802.527406592286,14.11194516762507,13.685264561768983,54356.21201939952,2119.679,4052.991,4988.927,1.3089826920697105,22.645769152309132,612.32421875,0.9697645788168909,54356.21201939952,54356.21201939952
moat,20,16,128,160,1,1564545.7433316705,0.1865083865322674,5.968038046121273,1564481.1671082615,95.167,206.975,260.863,42.21597552266521,26.98289628321578,11408.6015625,31.998765080136256,77815.34883988618,78796.18770070649
moat,20,16,128,160,2,1561169.1218074805,0.18610586187928682,5.955150391667673,1561102.9457180796,95.359,207.871,262.143,42.24527383059911,27.06002395287491,11414.6015625,31.998725518545676,77640.34716057271,78633.38835711226
moat,20,16,128,160,3,1559550.3489707396,0.18591288911947484,5.948988205348293,1559487.1652351557,95.487,207.871,262.655,42.288837435827006,27.116044995749238,11431.1015625,31.998793808885633,77553.03671607494,78549.18029417424
moat,20,16,128,640,1,3437584.232561815,0.40979197413466156,13.112364097526006,3437319.9899802725,128.063,902.143,1226.751,58.78885818584347,17.1017942277539,11520.4765625,31.997610800491564,171094.27744298655,172427.46509004437
moat,20,16,128,640,2,3426572.925798888,0.4084793240784273,13.070412900880463,3426322.1395059,126.591,991.231,1311.743,58.75071168865441,17.145618365894542,11552.02734375,31.99773435379796,170567.99769700054,171858.43981557232
moat,20,16,128,640,3,3427066.9610560476,0.40853821767044635,13.072225442279121,3426796.4905496775,127.039,952.319,1271.807,58.75232524676136,17.143617534877954,11572.5625,31.997558311237444,170573.3418295832,171890.98796902288
moat,20,16,128,2560,1,3562374.99035342,0.4246681917135024,13.58824340811574,3562068.572417455,706.559,1482.751,1583.103,58.719431494160474,16.48322584039222,12005.41015625,31.99731854954396,177184.29342637217,178768.17762182502
moat,20,16,128,2560,2,3560343.2774936417,0.42442599266691705,13.58053482930255,3560045.445405781,698.879,1481.727,1583.103,58.704090513722534,16.488323158279325,12005.41015625,31.997415483364005,177080.84066123856,178653.79725532368
moat,20,16,128,2560,3,3558106.7381456587,0.42415937640019163,13.571920655734884,3557788.68418821,694.783,1483.775,1580.031,58.67586490399258,16.490754556332412,12005.41015625,31.997219467169966,176953.29736891715,178575.35280926415
moat,20,16,4096,160,1,1600620.8008697252,6.105883792380238,12.211255068374623,1600551.2251595797,94.783,183.679,224.767,41.22574371570844,25.756096442897476,11410.28125,1.9999160618833765,79710.77185359511,80336.7533147033
moat,20,16,4096,160,2,1600023.3062879364,6.103604531432863,12.206713328171517,1599955.130485465,94.783,184.191,225.279,41.22014440010028,25.762214986562455,11417.78125,1.999918780010786,79688.316353378,80301.09885946357
moat,20,16,4096,160,3,1603419.5849511982,6.116560306362908,12.232637117601822,1603353.4134851815,94.591,183.039,224.127,41.16465267485905,25.67303846180221,11447.78125,1.9999209531011257,79847.96853391417,80477.6969869447
moat,20,16,4096,640,1,3411594.0967741394,13.014198672386701,26.025953250341917,3411262.5739858905,139.135,823.807,1159.167,59.040328454012226,17.30578925254862,11545.72265625,1.9998121978545884,169761.80899715616,171485.04929058775
moat,20,16,4096,640,2,3419155.502478432,13.043043146051147,26.083728873089186,3418837.9332939135,139.647,792.063,1087.487,59.05478435033859,17.271745700811717,11565.31640625,1.9998192585130086,170146.06868724877,171884.321120599
moat,20,16,4096,640,3,3434898.878253132,13.103099358570603,26.203701204405487,3434563.9438545774,140.031,752.127,1070.079,59.06845441801818,17.196562842647147,11573.34765625,1.9998093952684495,170908.7050807676,172649.20694341828
moat,20,16,4096,2560,1,3496090.6675151675,13.33652750974719,26.67026949170107,3495713.3136326205,701.951,1503.231,1605.631,58.652956984695194,16.7767265104662,11867.45703125,1.9997911354517677,174117.9962688702,175415.81703036273
moat,20,16,4096,2560,2,3483009.6658638907,13.286627448516429,26.57050868350697,3482641.425803129,705.535,1508.351,1612.799,58.587647461046586,16.820983310855983,11961.36328125,1.9997933099624767,173457.64534178755,174768.78519371746
moat,20,16,4096,2560,3,3476702.986531281,13.262569376111149,26.522371072765463,3476326.9974878835,714.751,1510.399,1608.703,58.594801013811626,16.853553852833393,11962.3203125,1.9997913164954433,173155.8821917837,174450.82398376823
moat,20,256,65536,160,1,1337377.8531436361,81.62706623191139,86.66663988792813,1336419.9792224136,114.303,205.823,250.239,37.398359839339484,27.963944334378663,10397.6015625,1.0617390026207576,65270.32438919348,68191.1104018514
moat,20,256,65536,160,2,1335303.1298710492,81.50043517279353,86.5323482965805,1334349.1712858118,114.559,206.463,250.879,37.48133507411583,28.069532854113376,10397.6015625,1.0617409356541292,65164.84698716694,68080.09804511265
moat,20,256,65536,160,3,1338859.7182804057,81.71751210207555,86.76309447355797,1337907.3316280225,114.239,205.823,250.111,37.37988666567652,27.919195831573912,10397.6015625,1.0617441995196801,65338.84213231293,68266.7713747154
moat,20,256,65536,640,1,3014315.6445359658,183.97922635107213,195.06612958945078,3007965.6161821755,185.983,589.311,816.127,58.455327463943384,19.39257010788006,10453.046875,1.0602617124675937,146828.94359778325,153548.46587237352
moat,20,256,65536,640,2,3016071.277422678,184.08638167863026,195.17865167514833,3009700.7332194163,186.623,570.367,762.367,58.46585035240149,19.38477077450314,10459.7265625,1.0602557880456493,146902.32366910388,153632.3280631935
moat,20,256,65536,640,3,3015718.263990747,184.06483544865398,195.15391652742167,3009319.3114214367,185.855,594.943,827.391,58.450609262457974,19.381986029792245,10462.79296875,1.0602455164873743,146893.68742265968,153637.6883959499
moat,20,256,65536,2560,1,3091517.0488457186,188.69122612583732,200.02363814282265,3084411.5645477707,780.799,1698.815,1816.575,58.499303165806396,18.92252322776234,10775.91796875,1.0600579701009933,150436.46855830424,156959.53611051897
moat,20,256,65536,2560,2,3103259.8665026263,189.40795083634194,200.7763420442675,3096018.4358148505,772.607,1697.791,1811.455,58.61322250857143,18.887629470305537,10777.30078125,1.060020665224072,151005.93767793078,157498.2958139073
moat,20,256,65536,2560,3,3094351.3137209485,188.86421592535086,200.20239779073674,3087168.0803796994,782.847,1694.719,1816.575,58.5182602266724,18.911317524675102,10793.2734375,1.0600335103705791,150549.81772598767,157067.90026389895
moat,20,4096,262144,160,1,741783.4081515919,181.09946488075974,186.0991197358474,739163.1461217271,195.711,506.111,754.175,28.935908587434064,39.0085680933978,10522.41015625,1.0276072315198699,35054.024941909076,38170.19589664192
moat,20,4096,262144,160,2,740617.706588884,180.81486977267676,185.80784437116446,738006.2356793111,195.711,510.463,759.807,28.68413366488271,38.73001335195627,10522.41015625,1.0276137388742692,34999.146172721186,38122.83870479617
moat,20,4096,262144,160,3,747274.9745702695,182.4401793384447,187.4695871532322,744606.4765863166,195.455,485.375,676.863,29.134021596613277,38.98701627652818,10522.41015625,1.0275674351616233,35313.07668405553,38475.05991423562
moat,20,4096,262144,640,1,1022501.9782122939,249.63427202448582,253.6659256117409,1007530.3091449123,450.815,2523.135,3606.527,36.67587045887434,35.86875257004112,10609.41796875,1.016150240728403,48380.55873414085,51922.66619942136
moat,20,4096,262144,640,2,1022343.4651160022,249.5955725380865,253.63229078193882,1007396.7156778874,450.815,2510.847,3629.055,36.738232012560005,35.9353126088515,10611.25,1.0161730362554262,48344.099919482775,51869.485467223756
moat,20,4096,262144,640,3,1022549.5335392907,249.64588221174088,253.67230724841846,1007555.6562322638,447.999,2525.183,3622.911,36.589527887404394,35.782645913258804,10611.53125,1.016128545766529,48351.66535516797,51901.34617560679
moat,20,4096,262144,2560,1,1078405.0974461187,263.2824944936813,255.48363357398435,1014750.0248427053,2242.559,5775.359,6963.199,38.9018691786577,36.0735212312935,10926.859375,0.9703783537348544,49433.024142029484,52897.76394229835
moat,20,4096,262144,2560,2,1078033.1814368132,263.191694686722,255.37555519313278,1014320.7506143727,2260.991,5750.783,7008.255,38.802304190065726,35.99360841412102,11002.75,0.9703024842676257,49344.25251492588,52911.24273870349
moat,20,4096,262144,2560,3,1078306.0854884232,263.2583216524471,255.50892601639578,1014850.483358213,2252.799,5763.071,7073.791,38.84118661670457,36.020557742759365,11016.37109375,0.9705635301957062,49407.71320311237,52922.300602126554
