engine,disks,key_bytes,value_bytes,clients,samples,ops_per_second,logical_gib_s,physical_gib_s,physical_iops,p50_us,p99_us,p999_us,cpu_cores,cpu_us_per_op,rss_mib,read_amplification,min_disk_iops,max_disk_iops,min_ops_per_second,max_ops_per_second
foyer,1,16,128,8,3,145721.96921619546,0.017371412422203476,0.5558531547199188,145713.5693908984,53.727,63.935,91.583,1.5618541272982716,10.72543149986761,63.0,31.998419560138345,145713.5693908984,145713.5693908984,145521.6403034514,145779.28613447287
foyer,1,16,128,32,3,540373.8683909302,0.06441758494269016,2.060860746859119,540241.8796587819,58.303,89.791,104.959,2.4835909641270857,4.596462846377902,63.0,31.992769492821637,540241.8796587819,540241.8796587819,540326.5613436213,540780.2092450905
foyer,1,16,128,128,3,845215.0082594095,0.10075748065226191,3.221142213809773,844398.5061747287,151.039,200.831,226.047,2.9904790648539894,3.537987239619859,63.0,31.96926117006342,844398.5061747287,844398.5061747287,843303.059140762,849804.2762879522
foyer,1,16,4096,8,3,135196.19147984879,0.5157325419610931,1.0314055757049814,135188.39161880332,57.727,85.247,99.711,1.602307764350999,11.852579987070106,63.0,1.9998905446880892,135188.39161880332,135188.39161880332,135186.41224939591,135211.9010513974
foyer,1,16,4096,32,3,446009.4164243638,1.7013909012770225,3.402028099122978,445910.62700824696,69.823,108.671,133.759,2.490144658455432,5.582497024256515,63.0,1.9995319508548397,445910.62700824696,445910.62700824696,445981.2064294534,446062.87251663575
foyer,1,16,4096,128,3,693338.9193631469,2.6448780798459888,5.284621715141103,692664.9377709257,183.935,250.367,281.599,2.9975334876050823,4.322978310857143,63.0,1.9980587216514822,692664.9377709257,692664.9377709257,692076.35293686,693638.4927048262
foyer,1,256,65536,8,3,89695.19336564344,5.474560141946011,5.811765777035362,89618.79575618576,86.847,130.879,155.263,1.7289193608547073,19.287761154094852,80.1953125,1.0615950188409997,89618.79575618576,89618.79575618576,89627.08757390607,89721.50310082176
foyer,1,256,65536,32,3,206813.715235122,12.622907424018678,13.360573227609152,206023.18283402195,143.359,316.671,420.607,2.4246864553729455,11.722737456691773,80.1953125,1.0584654721501394,206023.18283402195,206023.18283402195,206766.64738329302,206874.79187173618
foyer,1,256,65536,128,3,213966.6772465049,13.059489578033746,13.662810074986991,210683.54619991232,524.031,1581.055,2170.879,2.468456182001156,11.537294325207267,105.734375,1.0462116440877838,210683.54619991232,210683.54619991232,213954.51242046827,213977.07921509998
foyer,1,4096,262144,8,3,38458.204642201985,9.389210117725094,9.653318424059893,38341.6106915392,198.655,373.503,458.239,1.870106571764653,48.62698581910654,283.04296875,1.0278615042301622,38341.6106915392,38341.6106915392,38347.3857222452,38649.29202594651
foyer,1,4096,262144,32,3,55172.79878820785,13.469921579152308,13.685642141122267,54356.717546190775,550.399,1147.903,1476.607,2.1417612277278275,38.82003515575452,283.04296875,1.015985511579863,54356.717546190775,54356.717546190775,55171.54271330797,55174.75979034338
foyer,1,4096,262144,128,3,57843.08189817419,14.121846166546433,13.685476704068018,54356.45502381383,2109.439,4136.959,5124.095,2.1367103518659403,36.93828300327463,297.78125,0.9690516799057428,54356.45502381383,54356.45502381383,57799.552826078994,57855.12230022502
foyer,20,16,128,160,3,578356.5323107006,0.06894547132381208,2.2061285105427046,578319.7544317195,232.319,846.335,1205.247,38.73977539851828,66.99148442624586,466.53515625,31.998164175008863,28665.758228670504,29094.700230265364,577844.1789269447,578834.5195683291
foyer,20,16,128,640,3,588035.3813636141,0.07009928004307915,2.242627579725183,587883.7948957755,615.423,5885.951,9510.911,40.35057881692343,68.66541154111856,568.51953125,31.992162806051468,29207.38581635371,29621.11130084894,587473.9242399833,588516.6442607703
foyer,20,16,128,2560,3,585245.8998230044,0.06976674793040805,2.230346061116468,584665.309917933,1161.215,29573.119,34340.863,40.35461410660063,68.91331762962578,1085.0,31.96875035877792,29088.04878403532,29407.91722577318,584437.8273795113,585853.8735220005
foyer,20,16,4096,160,3,756529.892409299,2.8859325119373285,5.771523380228609,756481.5141072191,185.087,565.247,780.287,41.16054246979023,54.41427950826906,469.5,1.9998790722997148,37663.30781059775,38027.34453823241,755243.6237172366,757069.0124456509
foyer,20,16,4096,640,3,766196.8638725096,2.9228090815449126,5.844185633449837,765998.9337522361,447.487,5259.263,7749.631,43.31443273366959,56.53172804016703,600.1640625,1.999515636621104,38086.49908509931,38483.95392883084,764493.1266068842,766659.4373565258
foyer,20,16,4096,2560,3,760776.1627191788,2.9021307476775315,5.798656450332204,760031.4235369093,609.279,27394.047,31883.263,43.13950464518953,56.67419950550241,1136.17578125,1.9980686448991505,37693.08716967513,38228.03510219131,760413.6304993326,762089.5858304421
foyer,20,256,65536,160,3,700616.483245644,42.76223652622339,45.39177471338265,699891.8792725834,205.183,545.791,735.231,42.22566487533229,60.269299802539045,229.59765625,1.0614920640445626,34132.54511005093,35827.41878938356,698053.1586641523,701028.4194864264
foyer,20,256,65536,640,3,718588.4707905526,43.859159594149936,46.41784348875817,715668.4062444984,371.711,6619.135,9068.543,43.51072788980843,60.55027273390603,484.734375,1.0584028427797514,35062.68338723953,36503.09949600322,717142.7016605859,719086.3613045566
foyer,20,256,65536,2560,3,720299.0582105919,43.96356556461132,45.996873903541356,709162.6808611642,524.799,20135.935,23511.039,43.67535729477101,60.63492356580261,1471.29296875,1.0462172374714584,33562.57757261108,36498.61186673318,719557.0708098916,721082.3239827265
foyer,20,4096,262144,160,3,345441.9022803517,84.33640192391398,86.64463374163073,344094.0300805778,388.351,1415.167,2088.959,47.99902495732272,140.41343544275944,539.1875,1.0273693418863088,16288.15440227782,17807.257920641412,317022.2710502913,348667.1517117804
foyer,20,4096,262144,640,3,452338.53159317747,110.43421181474059,112.16251535156943,445474.8123107242,491.007,7483.391,10387.455,48.56722213185714,107.36919085977257,921.87890625,1.0155780852088065,21494.016849155887,23215.919276175784,437653.3218935981,459792.8410431993
foyer,20,4096,262144,2560,3,589022.4204538615,143.80430186861852,139.51105964517126,554029.372707079,3989.503,11943.935,14934.015,56.26182226884063,95.55763087423955,2264.9375,0.9701754917014384,26534.123190911494,29358.317307283687,587818.1025431987,594704.573479742
moat,1,16,128,8,3,145323.89415628515,0.017323958177123684,0.5543399592842809,145316.89428661854,53.919,64.159,91.455,1.5415708968748434,10.607828160845989,578.7265625,31.99845864418489,145316.89428661854,145316.89428661854,145237.22712252152,145507.67560038622
moat,1,16,128,32,3,510141.8386578061,0.06081364615652634,1.9456216582532935,510029.04417686263,61.567,92.927,108.607,2.1283973336265722,4.17202591380828,578.7265625,31.99337396807136,510029.04417686263,510029.04417686263,508996.6481950958,510159.1834753834
moat,1,16,128,128,3,742945.4146490041,0.08856599505531837,2.832413106657917,742489.7034580922,172.799,232.447,254.207,2.103096345227063,2.828445992281731,592.1015625,31.98062022392517,742489.7034580922,742489.7034580922,742573.0733904736,743551.8836018068
moat,1,16,4096,8,3,135846.8975976661,0.5182147888094563,1.036380750465231,135840.49772497875,57.375,85.823,102.143,1.5126893703931568,11.11816765705334,578.3046875,1.9999028262828402,135840.49772497875,135840.49772497875,135836.38337825608,136180.49657201816
moat,1,16,4096,32,3,434839.17633524816,1.6587798169526984,3.31683640526437,434743.18137379334,71.743,110.527,135.167,2.07547846311662,4.772979473948059,578.66015625,1.9995837305735191,434743.18137379334,434743.18137379334,433912.5726844597,435272.0319136376
moat,1,16,4096,128,3,679219.1039968746,2.5910152587771402,5.178717362662062,678775.645084924,186.239,248.959,280.319,2.085747220301803,3.07455663174354,592.8828125,1.9987212908604088,678775.645084924,678775.645084924,677862.0673929779,680219.9574368981
moat,1,256,65536,8,3,65895.53940170113,4.02194454356086,4.269710571253866,65839.94164651609,114.687,242.687,343.039,1.2732871897564266,19.322813066214255,545.60546875,1.0616216068856383,65839.94164651609,65839.94164651609,64830.38093040686,78861.61843460848
moat,1,256,65536,32,3,155797.33854861432,9.509114901648823,10.066527225213845,155228.21840743872,192.255,419.839,548.863,1.5565908540455013,9.994923603766418,545.7890625,1.0585790896312421,155228.21840743872,155228.21840743872,155560.41340900332,156062.74473705504
moat,1,256,65536,128,3,189066.77931141327,11.539720416956376,12.075072901644912,186200.46533698848,598.015,1881.087,2541.567,1.6403458756638603,8.678034785385787,560.9375,1.0463921538256589,186200.46533698848,186200.46533698848,189022.7357035119,189166.47345637382
moat,1,4096,262144,8,3,41542.77578316745,10.142279243937367,10.425036932126076,41406.983053564516,181.887,372.479,463.359,1.233196606848032,29.68092314207072,608.02734375,1.0278791069924178,41406.983053564516,41406.983053564516,41517.224645517716,41560.33302177337
moat,1,4096,262144,32,3,55167.21795074692,13.468559070006572,13.686726990146886,54362.02060765251,549.375,1175.551,1490.943,1.3006854518933475,23.575098928814743,608.02734375,1.0161859241565296,54362.02060765251,54362.02060765251,55159.15375221965,55182.49112132422
moat,1,4096,262144,128,3,57802.527406592286,14.11194516762507,13.684144582134973,54351.76359604834,2119.679,4052.991,4988.927,1.3092230607303412,22.645769152309132,611.78515625,0.9697645788168909,54351.76359604834,54351.76359604834,57781.258512504086,57846.42930348175
moat,20,16,128,160,3,1561169.1218074805,0.18610586187928682,5.955150391667673,1561102.9457180796,95.359,207.871,262.143,42.24527383059911,27.06002395287491,11414.6015625,31.998765080136256,77640.34716057271,78633.38835711226,1559550.3489707396,1564545.7433316705
moat,20,16,128,640,3,3427066.9610560476,0.40853821767044635,13.072225442279121,3426796.4905496775,127.039,952.319,1271.807,58.75232524676136,17.143617534877954,11552.02734375,31.997610800491564,170573.3418295832,171890.98796902288,3426572.925798888,3437584.232561815
moat,20,16,128,2560,3,3560343.2774936417,0.42442599266691705,13.58053482930255,3560045.445405781,698.879,1482.751,1583.103,58.704090513722534,16.488323158279325,12005.41015625,31.99731854954396,177080.84066123856,178653.79725532368,3558106.7381456587,3562374.99035342
moat,20,16,4096,160,3,1600620.8008697252,6.105883792380238,12.211255068374623,1600551.2251595797,94.783,183.679,224.767,41.22014440010028,25.756096442897476,11417.78125,1.999918780010786,79710.77185359511,80336.7533147033,1600023.3062879364,1603419.5849511982
moat,20,16,4096,640,3,3419155.502478432,13.043043146051147,26.083728873089186,3418837.9332939135,139.647,792.063,1087.487,59.05478435033859,17.271745700811717,11565.31640625,1.9998121978545884,170146.06868724877,171884.321120599,3411594.0967741394,3434898.878253132
moat,20,16,4096,2560,3,3483009.6658638907,13.286627448516429,26.57050868350697,3482641.425803129,705.535,1508.351,1608.703,58.594801013811626,16.820983310855983,11961.36328125,1.9997913164954433,173457.64534178755,174768.78519371746,3476702.986531281,3496090.6675151675
moat,20,256,65536,160,3,1337377.8531436361,81.62706623191139,86.66663988792813,1336419.9792224136,114.303,205.823,250.239,37.398359839339484,27.963944334378663,10397.6015625,1.0617409356541292,65270.32438919348,68191.1104018514,1335303.1298710492,1338859.7182804057
moat,20,256,65536,640,3,3015718.263990747,184.06483544865398,195.15391652742167,3009319.3114214367,185.983,589.311,816.127,58.455327463943384,19.38477077450314,10459.7265625,1.0602557880456493,146893.68742265968,153632.3280631935,3014315.6445359658,3016071.277422678
moat,20,256,65536,2560,3,3094351.3137209485,188.86421592535086,200.20239779073674,3087168.0803796994,780.799,1697.791,1816.575,58.5182602266724,18.911317524675102,10777.30078125,1.0600335103705791,150549.81772598767,157067.90026389895,3091517.0488457186,3103259.8665026263
moat,20,4096,262144,160,3,741783.4081515919,181.09946488075974,186.0991197358474,739163.1461217271,195.711,506.111,754.175,28.935908587434064,38.98701627652818,10522.41015625,1.0276072315198699,35054.024941909076,38170.19589664192,740617.706588884,747274.9745702695
moat,20,4096,262144,640,3,1022501.9782122939,249.63427202448582,253.6659256117409,1007530.3091449123,450.815,2523.135,3622.911,36.67587045887434,35.86875257004112,10611.25,1.016150240728403,48351.66535516797,51901.34617560679,1022343.4651160022,1022549.5335392907
moat,20,4096,262144,2560,3,1078306.0854884232,263.2583216524471,255.48363357398435,1014750.0248427053,2252.799,5763.071,7008.255,38.84118661670457,36.020557742759365,11002.75,0.9703783537348544,49407.71320311237,52911.24273870349,1078033.1814368132,1078405.0974461187
