suite,run,order,round,variant,devices,key_bytes,value_bytes,clients,write_passes,operations,seconds,ops_per_second,logical_gib_s,physical_write_bytes,physical_gib_s,write_amplification,cpu_cores,cpu_us_per_op
main,ablate-r1-control_before-v2-d20-k16-v100,1,1,control_before,20,16,100,2560,1,2621440,0.044416456,59019566.98211131,5.496625507447059,503435264,10.556011632731417,1.920453125,16.358058823963802,0.2771633148193359
main,ablate-r1-no_registered_buffers-v2-d20-k16-v100,2,1,no_registered_buffers,20,16,100,2560,1,2621440,0.043444907,60339408.713661194,5.619545347398258,503435264,10.792073423490196,1.920453125,17.151745773100636,0.28425445556640627
main,ablate-r1-kernel_split-v2-d20-k16-v100,3,1,kernel_split,20,16,100,2560,1,2621440,0.040800013,64250959.92003728,5.983836941424504,503435264,11.49167835364913,1.920453125,18.189675576819052,0.28310356140136717
main,ablate-r1-no_registered_files-v2-d20-k16-v100,4,1,no_registered_files,20,16,100,2560,1,2621440,0.042514438,61659994.18832727,5.742534453824839,503435264,11.028268237268081,1.920453125,17.318540115713162,0.28087158203125
main,ablate-r1-no_defer_taskrun-v2-d20-k16-v100,5,1,no_defer_taskrun,20,16,100,2560,1,2621440,0.045124134,58093968.07482222,5.410422391707284,503435264,10.390462589724228,1.920453125,16.442775389329356,0.2830375671386719
main,ablate-r1-single_reap-v2-d20-k16-v100,6,1,single_reap,20,16,100,2560,1,2621440,0.045369239,57780118.37491918,5.3811928606516855,503435264,10.334328645466218,1.920453125,16.260047914843796,0.28141250610351554
main,ablate-r1-reuse_encoded_metadata-v2-d20-k16-v100,7,1,reuse_encoded_metadata,20,16,100,2560,1,2621440,0.046996366,55779631.98260904,5.194883046914734,503435264,9.976529381456922,1.920453125,15.350059193938527,0.2751911163330078
main,ablate-r1-no_huge_pages-v2-d20-k16-v100,8,1,no_huge_pages,20,16,100,2560,1,2621440,0.044445449,58981066.88043584,5.4930399060655235,503435264,10.54912565335324,1.920453125,16.620104344091565,0.28178710937500007
main,ablate-r1-control_after-v2-d20-k16-v100,9,1,control_after,20,16,100,2560,1,2621440,0.040902923,64089307.26051045,5.968781864318108,503435264,11.462765783773035,1.920453125,17.847868720775775,0.27848434448242193
main,ablate-r1-control_before-v2-d20-k16-v1024,10,1,control_before,20,16,1024,2560,1,2621440,0.066870626,39201666.81257029,37.38562279946355,3858841600,53.742973692893386,1.437530517578125,19.3770729767058,0.4942920684814454
main,ablate-r1-single_reap-v2-d20-k16-v1024,11,1,single_reap,20,16,1024,2560,1,2621440,0.067267748,38970235.7807489,37.16491296839609,3858841600,53.4256965752044,1.437530517578125,18.99650334659635,0.48746185302734374
main,ablate-r1-no_defer_taskrun-v2-d20-k16-v1024,12,1,no_defer_taskrun,20,16,1024,2560,1,2621440,0.067446145,38867158.3824398,37.066610701026725,3858841600,53.28438406591381,1.437530517578125,19.207324599500836,0.49417877197265636
main,ablate-r1-no_registered_files-v2-d20-k16-v1024,13,1,no_registered_files,20,16,1024,2560,1,2621440,0.06773193,38703164.076381706,36.910213543302255,3858841600,53.05955837882241,1.437530517578125,19.023376419363807,0.4915199279785156
main,ablate-r1-reuse_encoded_metadata-v2-d20-k16-v1024,14,1,reuse_encoded_metadata,20,16,1024,2560,1,2621440,0.066013136,39710884.20947006,37.87125035235411,3858841600,54.441078120350355,1.437530517578125,19.29900739755797,0.4859878540039063
main,ablate-r1-no_huge_pages-v2-d20-k16-v1024,15,1,no_huge_pages,20,16,1024,2560,1,2621440,0.06969634,37612305.03639072,35.869889294043276,3858841600,51.56406052233608,1.437530517578125,18.271404208599765,0.48578262329101574
main,ablate-r1-no_registered_buffers-v2-d20-k16-v1024,16,1,no_registered_buffers,20,16,1024,2560,1,2621440,0.067216433,38999986.80382221,37.19328575498792,3858841600,53.46648332179888,1.437530517578125,19.345492492884887,0.49603843688964844
main,ablate-r1-kernel_split-v2-d20-k16-v1024,17,1,kernel_split,20,16,1024,2560,1,2621440,0.070425497,37222882.50234144,35.49850702509064,3858841600,51.030187177029255,1.437530517578125,18.33377192922046,0.4925403594970703
main,ablate-r1-control_after-v2-d20-k16-v1024,18,1,control_after,20,16,1024,2560,1,2621440,0.070710311,37072952.486377835,35.35552261960777,3858841600,50.82464273060986,1.437530517578125,18.255442264990176,0.4924194335937499
main,ablate-r1-control_before-v2-d20-k16-v4096,19,1,control_before,20,16,4096,2560,1,2611220,0.134842709,19364932.81219973,73.87135624771015,11029897216,76.18055398864182,1.0312597176798584,18.196037577382103,0.9396385597536784
main,ablate-r1-kernel_split-v2-d20-k16-v4096,20,1,kernel_split,20,16,4096,2560,1,2611220,0.142742336,18293241.326805804,69.78317766878435,11029897216,71.96458010151396,1.0312597176798584,18.919362507840702,1.034226913090433
main,ablate-r1-single_reap-v2-d20-k16-v4096,21,1,single_reap,20,16,4096,2560,1,2611220,0.130836723,19957852.353119545,76.1331647991926,11029897216,78.5130660368895,1.0312597176798584,18.837218966421226,0.9438500011488883
main,ablate-r1-no_registered_buffers-v2-d20-k16-v4096,22,1,no_registered_buffers,20,16,4096,2560,1,2611220,0.137892758,18936599.9917124,72.23739620861969,11029897216,74.49551682002922,1.0312597176798584,18.91573595184745,0.9988982161594964
main,ablate-r1-reuse_encoded_metadata-v2-d20-k16-v4096,23,1,reuse_encoded_metadata,20,16,4096,2560,1,2611220,0.134772443,19375029.06287749,73.90987038756367,11029897216,76.22027206963385,1.0312597176798584,18.82891593795625,0.9718135584133087
main,ablate-r1-no_defer_taskrun-v2-d20-k16-v4096,24,1,no_defer_taskrun,20,16,4096,2560,1,2611220,0.135339672,19293825.390680715,73.60010296127592,11029897216,75.90082140105393,1.0312597176798584,19.01345674903069,0.9854684783357971
main,ablate-r1-no_registered_files-v2-d20-k16-v4096,25,1,no_registered_files,20,16,4096,2560,1,2611220,0.129325127,20191126.508617308,77.0230350823109,11029897216,79.43075341382976,1.0312597176798584,18.963290869221414,0.9391893444443593
main,ablate-r1-no_huge_pages-v2-d20-k16-v4096,26,1,no_huge_pages,20,16,4096,2560,1,2611220,0.133229677,19599387.004443463,74.76572801377664,11029897216,77.10288356361639,1.0312597176798584,18.677737993765458,0.9529756205911413
main,ablate-r1-control_after-v2-d20-k16-v4096,27,1,control_after,20,16,4096,2560,1,2611220,0.138565158,18844708.422300503,71.88685769005014,11029897216,74.13402056633328,1.0312597176798584,18.95135139238971,1.0056590406017112
main,ablate-r1-control_before-v2-d20-k16-v65536,28,1,control_before,20,16,65536,2560,1,163800,0.292184898,560603.9227941205,34.21654802210208,12076728320,38.493877640158054,1.1250076312576314,16.816563873195115,29.997228327228328
main,ablate-r1-no_registered_buffers-v2-d20-k16-v65536,29,1,no_registered_buffers,20,16,65536,2560,1,163800,0.273813936,598216.4472446721,36.512234328898444,12076728320,41.076542254277605,1.1250076312576314,16.76762354418659,28.029358974358974
main,ablate-r1-no_huge_pages-v2-d20-k16-v65536,30,1,no_huge_pages,20,16,65536,2560,1,163800,0.298391261,548943.6904118984,33.50486391674185,12076728320,37.69322759058303,1.1250076312576314,16.57732529908106,30.198589743589743
main,ablate-r1-reuse_encoded_metadata-v2-d20-k16-v65536,31,1,reuse_encoded_metadata,20,16,65536,2560,1,163800,0.299462991,546979.1090145092,33.384955384186355,12076728320,37.55832957640519,1.1250076312576314,16.91015301453394,30.915537240537247
main,ablate-r1-single_reap-v2-d20-k16-v65536,32,1,single_reap,20,16,65536,2560,1,163800,0.266776144,613997.9292901092,37.47545955139827,12076728320,42.16017798020974,1.1250076312576314,16.676513624096764,27.160537240537234
main,ablate-r1-no_registered_files-v2-d20-k16-v65536,33,1,no_registered_files,20,16,65536,2560,1,163800,0.278793588,587531.446383193,35.86007363178668,12076728320,40.34285649322058,1.1250076312576314,16.5934088842818,28.242588522588523
main,ablate-r1-kernel_split-v2-d20-k16-v65536,34,1,kernel_split,20,16,65536,2560,1,163800,0.281401625,582086.1908668793,35.5277216105273,12076728320,39.96895793303988,1.1250076312576314,16.703247538105014,28.6954884004884
main,ablate-r1-no_defer_taskrun-v2-d20-k16-v65536,35,1,no_defer_taskrun,20,16,65536,2560,1,163800,0.26224523,624606.2130472306,38.12293780805851,12076728320,42.888595960025896,1.1250076312576314,16.621675063451107,26.611446886446885
main,ablate-r1-control_after-v2-d20-k16-v65536,36,1,control_after,20,16,65536,2560,1,163800,0.289347534,566101.2476436035,34.55207810324728,12076728320,38.871351541962895,1.1250076312576314,16.398038491663794,28.966617826617814
main,ablate-r1-control_before-v2-d20-k16-v4194304,37,1,control_before,20,16,4194304,620,1,40960,4.083865555,10029.713135353204,39.17856693497345,172149358592,39.258536233155866,1.0020411491394043,16.42487860989341,1637.6219726562495
main,ablate-r1-single_reap-v2-d20-k16-v4194304,38,1,single_reap,20,16,4194304,620,1,40960,4.063198633,10080.727943580208,39.37784352961019,172149358592,39.45821958104225,1.0020411491394043,16.46387367250328,1633.2028564453128
main,ablate-r1-no_defer_taskrun-v2-d20-k16-v4194304,39,1,no_defer_taskrun,20,16,4194304,620,1,40960,4.039622419,10139.561511330448,39.607662153634564,172149358592,39.68850729915327,1.0020411491394043,16.15125505124592,1592.8948242187503
main,ablate-r1-reuse_encoded_metadata-v2-d20-k16-v4194304,40,1,reuse_encoded_metadata,20,16,4194304,620,1,40960,4.038016934,10143.592924318331,39.62340986061848,172149358592,39.704287149555746,1.0020411491394043,16.048784851381214,1582.1597900390627
main,ablate-r1-no_registered_buffers-v2-d20-k16-v4194304,41,1,no_registered_buffers,20,16,4194304,620,1,40960,4.17556488,9809.451218489989,38.31816882222652,172149358592,38.396381919541554,1.0020411491394043,16.625800100129208,1694.8756591796875
main,ablate-r1-no_huge_pages-v2-d20-k16-v4194304,42,1,no_huge_pages,20,16,4194304,620,1,40960,4.146483709,9878.249349224683,38.58691152040892,172149358592,38.66567316165107,1.0020411491394043,16.71563108991826,1692.1653320312496
main,ablate-r1-no_registered_files-v2-d20-k16-v4194304,43,1,no_registered_files,20,16,4194304,620,1,40960,4.07044819,10062.773947259111,39.3077107314809,172149358592,39.38794363141242,1.0020411491394043,16.31521441868543,1621.3436279296875
main,ablate-r1-kernel_split-v2-d20-k16-v4194304,44,1,kernel_split,20,16,4194304,620,1,40960,4.208389309,9732.939847652293,38.01929627989177,172149358592,38.096899333774225,1.0020411491394043,16.602287447736693,1705.7834228515626
main,ablate-r1-control_after-v2-d20-k16-v4194304,45,1,control_after,20,16,4194304,620,1,40960,4.076533715,10047.752052015103,39.249031453183996,172149358592,39.329144579957116,1.0020411491394043,16.774384509168716,1669.46640625
main,ablate-r2-control_before-v2-d20-k16-v100,46,2,control_before,20,16,100,2560,1,2621440,0.043759222,59906001.071042806,5.57918111524012,503435264,10.714555807703874,1.920453125,16.58429850512425,0.27683868408203127
main,ablate-r2-kernel_split-v2-d20-k16-v100,47,2,kernel_split,20,16,100,2560,1,2621440,0.043540666,60206704.233692706,5.607186279603532,503435264,10.768338413121727,1.920453125,16.749491153856034,0.2781997680664063
main,ablate-r2-no_huge_pages-v2-d20-k16-v100,48,2,no_huge_pages,20,16,100,2560,1,2621440,0.039906911,65688872.78697166,6.1177530127551085,503435264,11.748857891323713,1.920453125,18.224938532576473,0.27744331359863283
main,ablate-r2-no_registered_files-v2-d20-k16-v100,49,2,no_registered_files,20,16,100,2560,1,2621440,0.043965437,59625018.62542614,5.553012585772774,503435264,10.664300373511654,1.920453125,16.43393195432129,0.2756214141845702
main,ablate-r2-reuse_encoded_metadata-v2-d20-k16-v100,50,2,reuse_encoded_metadata,20,16,100,2560,1,2621440,0.042556746,61598694.59944142,5.736825484730435,503435264,11.017304429730205,1.920453125,16.755251917052124,0.27200660705566415
main,ablate-r2-no_registered_buffers-v2-d20-k16-v100,51,2,no_registered_buffers,20,16,100,2560,1,2621440,0.044476567,58939800.81691107,5.48919670441291,503435264,10.541744964729475,1.920453125,16.624124789127716,0.2820526123046874
main,ablate-r2-single_reap-v2-d20-k16-v100,52,2,single_reap,20,16,100,2560,1,2621440,0.049271809,53203648.35802964,4.954975876773674,503435264,9.515798906849618,1.920453125,15.125687794414047,0.2842979431152345
main,ablate-r2-no_defer_taskrun-v2-d20-k16-v100,53,2,no_defer_taskrun,20,16,100,2560,1,2621440,0.040033728,65480786.600738265,6.098373476484628,503435264,11.71164040033202,1.920453125,18.415771821200366,0.28123931884765624
main,ablate-r2-control_after-v2-d20-k16-v100,54,2,control_after,20,16,100,2560,1,2621440,0.040816822,64224500.378789894,5.981372704616739,503435264,11.486945902370916,1.920453125,17.94823712634952,0.2794609069824219
main,ablate-r2-control_before-v2-d20-k16-v1024,55,2,control_before,20,16,1024,2560,1,2621440,0.070621191,37119736.48249574,35.400139315124264,3858841600,50.88878059200832,1.437530517578125,18.09779730279542,0.48755187988281257
main,ablate-r2-no_registered_buffers-v2-d20-k16-v1024,56,2,no_registered_buffers,20,16,1024,2560,1,2621440,0.071900745,36459149.345392734,34.77015432872079,3858841600,49.98315794843729,1.437530517578125,18.12273294247507,0.4970695495605469
main,ablate-r2-reuse_encoded_metadata-v2-d20-k16-v1024,57,2,reuse_encoded_metadata,20,16,1024,2560,1,2621440,0.069814887,37548438.63028812,35.80898154286205,3858841600,51.47650377125601,1.437530517578125,18.351544420604725,0.488743209838867
main,ablate-r2-kernel_split-v2-d20-k16-v1024,58,2,kernel_split,20,16,1024,2560,1,2621440,0.07115068,36843498.895583294,35.136698623259825,3858841600,50.510076557881284,1.437530517578125,18.149721127050373,0.4926166534423829
main,ablate-r2-no_defer_taskrun-v2-d20-k16-v1024,59,2,no_defer_taskrun,20,16,1024,2560,1,2621440,0.067438477,38871577.71964512,37.07082530941498,3858841600,53.290442694091574,1.437530517578125,19.095656623443617,0.49124984741210936
main,ablate-r2-single_reap-v2-d20-k16-v1024,60,2,single_reap,20,16,1024,2560,1,2621440,0.071055142,36893037.24141456,35.183942071356356,3858841600,50.57799045627567,1.437530517578125,18.283968808337615,0.49559402465820324
main,ablate-r2-no_huge_pages-v2-d20-k16-v1024,61,2,no_huge_pages,20,16,1024,2560,1,2621440,0.066142453,39633244.324942105,37.79720718855105,3858841600,54.33463881276541,1.437530517578125,19.26903134360619,0.4861835479736326
main,ablate-r2-no_registered_files-v2-d20-k16-v1024,62,2,no_registered_files,20,16,1024,2560,1,2621440,0.071054463,36893389.79312249,35.184278290865414,3858841600,50.57847378208055,1.437530517578125,18.108911751257626,0.4908443450927735
main,ablate-r2-control_after-v2-d20-k16-v1024,63,2,control_after,20,16,1024,2560,1,2621440,0.071030683,36905741.14288047,35.19605745590255,3858841600,50.59540669129301,1.437530517578125,18.277115538928435,0.49523773193359366
main,ablate-r2-control_before-v2-d20-k16-v4096,64,2,control_before,20,16,4096,2560,1,2611220,0.133706897,19529433.84812827,74.49887789965923,11029897216,76.82769179026883,1.0312597176798584,18.99981270225724,0.9728808756060388
main,ablate-r2-no_huge_pages-v2-d20-k16-v4096,65,2,no_huge_pages,20,16,4096,2560,1,2611220,0.133750296,19523096.98066014,74.47470466865593,11029897216,76.80276291088896,1.0312597176798584,18.931741280034256,0.9697099440108456
main,ablate-r2-reuse_encoded_metadata-v2-d20-k16-v4096,66,2,reuse_encoded_metadata,20,16,4096,2560,1,2611220,0.131054622,19924669.27263351,76.00658139279751,11029897216,78.38252566894755,1.0312597176798584,18.95338723726966,0.9512522882024494
main,ablate-r2-single_reap-v2-d20-k16-v4096,67,2,single_reap,20,16,4096,2560,1,2611220,0.132810306,19661275.383252263,75.00181344319253,11029897216,77.34634895690414,1.0312597176798584,18.821174916952607,0.9572713137920208
main,ablate-r2-no_defer_taskrun-v2-d20-k16-v4096,68,2,no_defer_taskrun,20,16,4096,2560,1,2611220,0.13261914,19689616.446012244,75.10992601780794,11029897216,77.45784110007966,1.0312597176798584,19.008349775153118,0.9653996982253504
main,ablate-r2-no_registered_files-v2-d20-k16-v4096,69,2,no_registered_files,20,16,4096,2560,1,2611220,0.131860836,19802847.298799165,75.54186744231859,11029897216,77.90328489157477,1.0312597176798584,19.053178155187794,0.9621433659362292
main,ablate-r2-kernel_split-v2-d20-k16-v4096,70,2,kernel_split,20,16,4096,2560,1,2611220,0.134005201,19485960.10090683,74.33303871500713,11029897216,76.65666851952425,1.0312597176798584,19.334839100759982,0.9922446212881337
main,ablate-r2-no_registered_buffers-v2-d20-k16-v4096,71,2,no_registered_buffers,20,16,4096,2560,1,2611220,0.136872013,19077822.724796195,72.77611818235853,11029897216,75.05107909057507,1.0312597176798584,18.77586910334986,0.9841725323795008
main,ablate-r2-control_after-v2-d20-k16-v4096,72,2,control_after,20,16,4096,2560,1,2611220,0.135300995,19299340.70329638,73.62114220922996,11029897216,75.9225183299592,1.0312597176798584,19.07903190216746,0.9885846462573052
main,ablate-r2-control_before-v2-d20-k16-v65536,73,2,control_before,20,16,65536,2560,1,163800,0.259515147,631177.0310655509,38.523988712497,12076728320,43.339781288041976,1.1250076312576314,16.682864372459925,26.43135531135531
main,ablate-r2-no_registered_files-v2-d20-k16-v65536,74,2,no_registered_files,20,16,65536,2560,1,163800,0.301984007,542412.8304913843,33.1062518610464,12076728320,37.244785986014364,1.1250076312576314,16.77286506102954,30.9226923076923
main,ablate-r2-single_reap-v2-d20-k16-v65536,75,2,single_reap,20,16,65536,2560,1,163800,0.285468685,573793.2340985142,35.02155969839564,12076728320,39.3995219192398,1.1250076312576314,16.92234298833863,29.492057387057383
main,ablate-r2-no_huge_pages-v2-d20-k16-v65536,76,2,no_huge_pages,20,16,65536,2560,1,163800,0.295807424,553738.6377429122,33.79752427630079,12076728320,38.02247272845344,1.1250076312576314,16.866070947563507,30.458540903540904
main,ablate-r2-no_defer_taskrun-v2-d20-k16-v65536,77,2,no_defer_taskrun,20,16,65536,2560,1,163800,0.294927342,555391.0291572764,33.89837824446267,12076728320,38.135934212278165,1.1250076312576314,16.927226774382962,30.478034188034187
main,ablate-r2-reuse_encoded_metadata-v2-d20-k16-v65536,78,2,reuse_encoded_metadata,20,16,65536,2560,1,163800,0.312883354,523517.7835635193,31.952989719453083,12076728320,35.94735727588136,1.1250076312576314,16.689638273309992,31.879792429792424
main,ablate-r2-kernel_split-v2-d20-k16-v65536,79,2,kernel_split,20,16,65536,2560,1,163800,0.27651371,592375.6908834646,36.155742851773965,12076728320,40.67548662203426,1.1250076312576314,16.858603502878754,28.459310134310133
main,ablate-r2-no_registered_buffers-v2-d20-k16-v65536,80,2,no_registered_buffers,20,16,65536,2560,1,163800,0.287357097,570022.4623302065,34.791410054333895,12076728320,39.14060181333911,1.1250076312576314,16.639376754282843,29.190738705738706
main,ablate-r2-control_after-v2-d20-k16-v65536,81,2,control_after,20,16,65536,2560,1,163800,0.297810403,550014.3660193093,33.57021276973323,12076728320,37.76674554889227,1.1250076312576314,16.851523484221605,30.63833333333334
main,ablate-r2-control_before-v2-d20-k16-v4194304,82,2,control_before,20,16,4194304,620,1,40960,4.113122119,9958.37196537174,38.89989048973336,172149358592,38.9792909677294,1.0020411491394043,16.714673187654995,1678.4543945312496
main,ablate-r2-reuse_encoded_metadata-v2-d20-k16-v4194304,83,2,reuse_encoded_metadata,20,16,4194304,620,1,40960,4.12828723,9921.790252951949,38.75699317559355,172149358592,38.836101978859816,1.0020411491394043,16.13282005089554,1625.9989013671875
main,ablate-r2-no_huge_pages-v2-d20-k16-v4194304,84,2,no_huge_pages,20,16,4194304,620,1,40960,4.222180187,9701.14921341229,37.895114114891754,172149358592,37.97246369445499,1.0020411491394043,16.607709499443015,1711.932177734375
main,ablate-r2-no_registered_files-v2-d20-k16-v4194304,85,2,no_registered_files,20,16,4194304,620,1,40960,4.061430773,10085.1158838649,39.39498392134727,172149358592,39.47539495887517,1.0020411491394043,16.24340821923447,1610.6317871093752
main,ablate-r2-no_registered_buffers-v2-d20-k16-v4194304,86,2,no_registered_buffers,20,16,4194304,620,1,40960,4.304522893,9515.572577534438,37.1702053809939,172149358592,37.24607531371879,1.0020411491394043,16.469070733781784,1730.74931640625
main,ablate-r2-kernel_split-v2-d20-k16-v4194304,87,2,kernel_split,20,16,4194304,620,1,40960,4.193378104,9767.781245609329,38.15539549066144,172149358592,38.23327634333083,1.0020411491394043,16.610871539000147,1700.5777587890625
main,ablate-r2-single_reap-v2-d20-k16-v4194304,88,2,single_reap,20,16,4194304,620,1,40960,4.107872258,9971.098765359902,38.94960455218712,172149358592,39.02910650399895,1.0020411491394043,16.347233989377862,1639.4616455078126
main,ablate-r2-no_defer_taskrun-v2-d20-k16-v4194304,89,2,no_defer_taskrun,20,16,4194304,620,1,40960,4.010606595,10212.918926295239,39.894214555840776,172149358592,39.975644597548644,1.0020411491394043,16.205072090846645,1586.7228759765624
main,ablate-r2-control_after-v2-d20-k16-v4194304,90,2,control_after,20,16,4194304,620,1,40960,4.078361962,10043.247848436069,39.231436907953395,172149358592,39.31151412163565,1.0020411491394043,16.377342085459553,1630.6818603515624
main,ablate-r3-control_before-v2-d20-k16-v100,91,3,control_before,20,16,100,2560,1,2621440,0.039448577,66452080.13460156,6.188832235951122,503435264,11.88536220763307,1.920453125,18.539021065322594,0.27898330688476575
main,ablate-r3-reuse_encoded_metadata-v2-d20-k16-v100,92,3,reuse_encoded_metadata,20,16,100,2560,1,2621440,0.043384848,60422938.44154992,5.627324659521684,503435264,10.80701322776798,1.920453125,16.361656954520154,0.27078552246093734
main,ablate-r3-no_registered_buffers-v2-d20-k16-v100,93,3,no_registered_buffers,20,16,100,2560,1,2621440,0.046586992,56269784.49263262,5.240532056673674,503435264,10.064196164901634,1.920453125,15.803510130038015,0.2808525085449219
main,ablate-r3-single_reap-v2-d20-k16-v100,94,3,single_reap,20,16,100,2560,1,2621440,0.040152502,65287089.70614085,6.08033404742748,503435264,11.676996522426004,1.920453125,18.445849277337686,0.2825344085693359
main,ablate-r3-kernel_split-v2-d20-k16-v100,95,3,kernel_split,20,16,100,2560,1,2621440,0.044360847,59093551.5726289,5.5035158593793305,503435264,10.569244230632096,1.920453125,16.376084974211608,0.2771213531494141
main,ablate-r3-no_defer_taskrun-v2-d20-k16-v100,96,3,no_defer_taskrun,20,16,100,2560,1,2621440,0.040356767,64956640.3572417,6.049558553587803,503435264,11.617893629108178,1.920453125,18.143623843802953,0.2793190002441407
main,ablate-r3-no_registered_files-v2-d20-k16-v100,97,3,no_registered_files,20,16,100,2560,1,2621440,0.040289229,65065529.052442275,6.0596996035838755,503435264,11.637369040263914,1.920453125,18.124670491957044,0.2785602569580078
main,ablate-r3-no_huge_pages-v2-d20-k16-v100,98,3,no_huge_pages,20,16,100,2560,1,2621440,0.04068675,64429820.51896502,6.000494632773568,503435264,11.523668669055727,1.920453125,17.880120678107737,0.27751312255859373
main,ablate-r3-control_after-v2-d20-k16-v100,99,3,control_after,20,16,100,2560,1,2621440,0.05654825,46357579.589111954,4.31738603758737,503435264,8.291337507716031,1.920453125,12.845331199462406,0.27709236145019533
main,ablate-r3-control_before-v2-d20-k16-v1024,100,3,control_before,20,16,1024,2560,1,2621440,0.066037269,39696372.05923825,37.8574104874022,3858841600,54.42118289212282,1.437530517578125,19.477970840980717,0.49067382812499993
main,ablate-r3-no_registered_files-v2-d20-k16-v1024,101,3,no_registered_files,20,16,1024,2560,1,2621440,0.071159146,36839115.52283103,35.132518313246756,3858841600,50.50406723466457,1.437530517578125,18.14177196561633,0.4924594879150388
main,ablate-r3-no_registered_buffers-v2-d20-k16-v1024,102,3,no_registered_buffers,20,16,1024,2560,1,2621440,0.068037158,38529534.11134545,36.74462710508866,3858841600,52.82152282059331,1.437530517578125,19.189837412080024,0.4980552673339842
main,ablate-r3-reuse_encoded_metadata-v2-d20-k16-v1024,103,3,reuse_encoded_metadata,20,16,1024,2560,1,2621440,0.066384051,39489003.164329335,37.65964809830602,3858841600,54.13689342256791,1.437530517578125,19.20880061989589,0.48643417358398444
main,ablate-r3-single_reap-v2-d20-k16-v1024,104,3,single_reap,20,16,1024,2560,1,2621440,0.067148845,39039241.85144212,37.23072228569233,3858841600,53.52029947715873,1.437530517578125,19.096799058866914,0.4891693115234377
main,ablate-r3-no_huge_pages-v2-d20-k16-v1024,105,3,no_huge_pages,20,16,1024,2560,1,2621440,0.070713713,37071168.92589136,35.35382168378006,3858841600,50.82219758344909,1.437530517578125,18.096914243493334,0.4881668090820311
main,ablate-r3-kernel_split-v2-d20-k16-v1024,106,3,kernel_split,20,16,1024,2560,1,2621440,0.066516918,39410124.20328916,37.584423259057196,3858841600,54.02875542046781,1.437530517578125,19.30737380225584,0.4899089813232421
main,ablate-r3-no_defer_taskrun-v2-d20-k16-v1024,107,3,no_defer_taskrun,20,16,1024,2560,1,2621440,0.067114015,39059501.95350405,37.25004382467656,3858841600,53.54807477909513,1.437530517578125,19.315399324567306,0.49451217651367185
main,ablate-r3-control_after-v2-d20-k16-v1024,108,3,control_after,20,16,1024,2560,1,2621440,0.067530837,38818414.17129185,37.02012459878144,3858841600,53.217558875292966,1.437530517578125,19.20139091419821,0.49464645385742195
main,ablate-r3-control_before-v2-d20-k16-v4096,109,3,control_before,20,16,4096,2560,1,2611220,0.13565954,19248332.995969176,73.42656324756308,11029897216,75.72185688488416,1.0312597176798584,19.0265867037438,0.9884797144629713
main,ablate-r3-no_huge_pages-v2-d20-k16-v4096,110,3,no_huge_pages,20,16,4096,2560,1,2611220,0.133901585,19501038.766643427,74.3905592599618,11029897216,76.715987140475,1.0312597176798584,18.9593946927514,0.9722248604100767
main,ablate-r3-kernel_split-v2-d20-k16-v4096,111,3,kernel_split,20,16,4096,2560,1,2611220,0.140304425,18611102.251407962,70.99572086871324,11029897216,73.21502705954725,1.0312597176798584,19.0131351880028,1.021601780010876
main,ablate-r3-reuse_encoded_metadata-v2-d20-k16-v4096,112,3,reuse_encoded_metadata,20,16,4096,2560,1,2611220,0.139684817,18693656.591181275,71.31064068291197,11029897216,73.53979117822962,1.0312597176798584,19.1352937091223,1.0236249722352002
main,ablate-r3-no_registered_buffers-v2-d20-k16-v4096,113,3,no_registered_buffers,20,16,4096,2560,1,2611220,0.133947742,19494318.91132588,74.36492504625656,11029897216,76.68955160848638,1.0312597176798584,18.75527696465387,0.9620893681880498
main,ablate-r3-single_reap-v2-d20-k16-v4096,114,3,single_reap,20,16,4096,2560,1,2611220,0.13552799,19267016.355809603,73.49783460925904,11029897216,75.79535616922541,1.0312597176798584,19.20052086657524,0.9965487396695797
main,ablate-r3-no_registered_files-v2-d20-k16-v4096,115,3,no_registered_files,20,16,4096,2560,1,2611220,0.137225535,19028674.218686774,72.58863151049337,11029897216,74.85773163827868,1.0312597176798584,18.868922609775215,0.9916046905277994
main,ablate-r3-no_defer_taskrun-v2-d20-k16-v4096,116,3,no_defer_taskrun,20,16,4096,2560,1,2611220,0.131123388,19914220.03220356,75.96672070390152,11029897216,78.34141894617014,1.0312597176798584,18.941601783504858,0.951159611216213
main,ablate-r3-control_after-v2-d20-k16-v4096,117,3,control_after,20,16,4096,2560,1,2611220,0.130192027,20056681.351155248,76.51016750776385,11029897216,78.90185374369523,1.0312597176798584,18.887147367326882,0.9416885593707156
main,ablate-r3-control_before-v2-d20-k16-v65536,118,3,control_before,20,16,65536,2560,1,163800,0.29403358,557079.2288418213,34.00141777599007,12076728320,38.25185447156771,1.1250076312576314,16.826802571325356,30.20540293040293
main,ablate-r3-no_registered_buffers-v2-d20-k16-v65536,119,3,no_registered_buffers,20,16,65536,2560,1,163800,0.26983198,607044.4281660016,37.05105152380381,12076728320,41.68271571039897,1.1250076312576314,16.790774762872807,27.659877899877905
main,ablate-r3-reuse_encoded_metadata-v2-d20-k16-v65536,120,3,reuse_encoded_metadata,20,16,65536,2560,1,163800,0.26582022,616205.94550708,37.61022616620361,12076728320,42.311791450304504,1.1250076312576314,16.745960860313787,27.175915750915753
main,ablate-r3-no_defer_taskrun-v2-d20-k16-v65536,121,3,no_defer_taskrun,20,16,65536,2560,1,163800,0.303068385,540472.0786036459,32.98779776633581,12076728320,37.111524225511225,1.1250076312576314,16.651664277024476,30.80948107448108
main,ablate-r3-single_reap-v2-d20-k16-v65536,122,3,single_reap,20,16,65536,2560,1,163800,0.267896306,611430.6033021598,37.31876240857909,12076728320,41.983892498741895,1.1250076312576314,16.71373923311955,27.33546398046398
main,ablate-r3-kernel_split-v2-d20-k16-v65536,123,3,kernel_split,20,16,65536,2560,1,163800,0.274422764,596889.2580646116,36.43122912992014,12076728320,40.985410787255475,1.1250076312576314,16.787583263318492,28.125122100122102
main,ablate-r3-no_huge_pages-v2-d20-k16-v65536,124,3,no_huge_pages,20,16,65536,2560,1,163800,0.342434325,478339.8977307547,29.195550398605633,12076728320,32.845216997198115,1.1250076312576314,16.77810774372575,35.075702075702075
main,ablate-r3-no_registered_files-v2-d20-k16-v65536,125,3,no_registered_files,20,16,65536,2560,1,163800,0.292876628,559279.8616897487,34.1357337457122,12076728320,38.40296096250487,1.1250076312576314,16.758496686871165,29.964420024420026
main,ablate-r3-control_after-v2-d20-k16-v65536,126,3,control_after,20,16,65536,2560,1,163800,0.280798321,583336.8213052812,35.60405403474617,12076728320,40.054832492798496,1.1250076312576314,16.612517423136588,28.478431013431013
main,ablate-r3-control_before-v2-d20-k16-v4194304,127,3,control_before,20,16,4194304,620,1,40960,4.073389785,10055.50712353446,39.279324701306486,172149358592,39.359499661116935,1.0020411491394043,16.398714467734152,1630.81923828125
main,ablate-r3-no_registered_buffers-v2-d20-k16-v4194304,128,3,no_registered_buffers,20,16,4194304,620,1,40960,4.309838755,9503.83583434086,37.124358727893984,172149358592,37.20013508076236,1.0020411491394043,16.673465780276043,1754.3932861328128
main,ablate-r3-reuse_encoded_metadata-v2-d20-k16-v4194304,129,3,reuse_encoded_metadata,20,16,4194304,620,1,40960,4.053117771,10105.800599496075,39.47578359178154,172149358592,39.55635955348722,1.0020411491394043,16.484293024506833,1631.1714111328122
main,ablate-r3-no_huge_pages-v2-d20-k16-v4194304,130,3,no_huge_pages,20,16,4194304,620,1,40960,4.147979296,9874.687667679236,38.57299870187202,172149358592,38.65173194497659,1.0020411491394043,16.260801992199724,1646.715576171875
main,ablate-r3-single_reap-v2-d20-k16-v4194304,131,3,single_reap,20,16,4194304,620,1,40960,4.044485701,10127.369220237972,39.56003601655458,172149358592,39.64078395002457,1.0020411491394043,16.523318894038038,1631.550952148437
main,ablate-r3-no_registered_files-v2-d20-k16-v4194304,132,3,no_registered_files,20,16,4194304,620,1,40960,4.137069397,9900.728285994473,38.67471986716591,172149358592,38.75366073833948,1.0020411491394043,16.129308115640487,1629.1031982421873
main,ablate-r3-kernel_split-v2-d20-k16-v4194304,133,3,kernel_split,20,16,4194304,620,1,40960,4.252819673,9631.257177454276,37.622098349430765,172149358592,37.69889066309929,1.0020411491394043,16.73786698550197,1737.8693847656245
main,ablate-r3-no_defer_taskrun-v2-d20-k16-v4194304,134,3,no_defer_taskrun,20,16,4194304,620,1,40960,4.08015488,10038.834604239337,39.21419767280991,172149358592,39.294239698642194,1.0020411491394043,16.137854306158097,1607.542602539062
main,ablate-r3-control_after-v2-d20-k16-v4194304,135,3,control_after,20,16,4194304,620,1,40960,4.125169271,9929.289517390085,38.78628717730502,172149358592,38.86545577399767,1.0020411491394043,16.304654568440377,1642.07666015625
long_write,long-r1-control_before-v2-d20-k16-v100,1,1,control_before,20,16,100,2560,32,83886080,0.96402874,87016160.94972438,8.104011504885216,16107388928,15.560920856734844,1.920150390625,19.535769234431744,0.2245073676109314
long_write,long-r1-reuse_encoded_metadata-v2-d20-k16-v100,2,1,reuse_encoded_metadata,20,16,100,2560,32,83886080,0.950246228,88278256.23318338,8.221553287765326,16107388928,15.786618757046844,1.920150390625,19.219803732806817,0.21771843433380123
long_write,long-r1-single_reap-v2-d20-k16-v100,3,1,single_reap,20,16,100,2560,32,83886080,0.955329593,87808522.43525131,8.177805918757926,16107388928,15.702617229358468,1.920150390625,19.605846126029093,0.22327953577041626
long_write,long-r1-control_after-v2-d20-k16-v100,4,1,control_after,20,16,100,2560,32,83886080,0.958163165,87548846.65181217,8.153621726838143,16107388928,15.656179943796747,1.920150390625,19.62439873171288,0.2241537094116211
long_write,long-r1-control_before-v2-d20-k16-v1024,5,1,control_before,20,16,1024,2560,32,83886080,2.210803485,37943707.149529845,36.185938977746815,129154093056,54.40742394480214,1.5035515308380127,17.957888283317956,0.4732771158218384
long_write,long-r1-reuse_encoded_metadata-v2-d20-k16-v1024,6,1,reuse_encoded_metadata,20,16,1024,2560,32,83886080,2.183562165,38417078.91105541,36.63738146882573,129154093056,55.08619099334917,1.5035515308380127,17.95903209378058,0.4674752116203308
long_write,long-r1-single_reap-v2-d20-k16-v1024,7,1,single_reap,20,16,1024,2560,32,83886080,2.1960513170000002,38198597.34179426,36.42902120761324,129154093056,54.77291060363732,1.5035515308380127,18.07550019105496,0.4731980085372925
long_write,long-r1-control_after-v2-d20-k16-v1024,8,1,control_after,20,16,1024,2560,32,83886080,2.224386407,37712008.90996993,35.964974317521985,129154093056,54.07519219165999,1.5035515308380127,17.952879892778448,0.4760520696640014
long_write,long-r1-control_before-v2-d20-k16-v4096,9,1,control_before,20,16,4096,2560,32,83559040,4.354192886,19190477.360033058,73.20586151135657,358477922304,76.6751933788743,1.0473914492076501,18.698369395112735,0.9743566584776463
long_write,long-r1-single_reap-v2-d20-k16-v4096,10,1,single_reap,20,16,4096,2560,32,83559040,4.159514633,20088651.53089606,76.63212406500267,358477922304,80.26383148030358,1.0473914492076501,18.847221591202416,0.9382024254945964
long_write,long-r1-reuse_encoded_metadata-v2-d20-k16-v4096,11,1,reuse_encoded_metadata,20,16,4096,2560,32,83559040,4.044233164,20661281.536338244,78.8165341809778,358477922304,82.55176395733862,1.0473914492076501,18.916581685001972,0.9155570360789208
long_write,long-r1-control_after-v2-d20-k16-v4096,12,1,control_after,20,16,4096,2560,32,83559040,4.270199274,19567948.622156035,74.64580010282911,358477922304,78.18337274696673,1.0473914492076501,18.728311694242493,0.9570912135898163
long_write,long-r2-control_before-v2-d20-k16-v100,13,2,control_before,20,16,100,2560,32,83886080,0.951674559,88145762.86261742,8.209213881065828,16107388928,15.762925240452722,1.920150390625,19.75825750743853,0.22415436506271363
long_write,long-r2-single_reap-v2-d20-k16-v100,14,2,single_reap,20,16,100,2560,32,83886080,0.966580385,86786449.73744217,8.082617981121146,16107388928,15.519842073722417,1.920150390625,19.383952220383616,0.2233522891998291
long_write,long-r2-reuse_encoded_metadata-v2-d20-k16-v100,15,2,reuse_encoded_metadata,20,16,100,2560,32,83886080,0.929017397,90295488.83679302,8.409422713964528,16107388928,16.147356309149735,1.920150390625,19.599354176572003,0.21705795526504518
long_write,long-r2-control_after-v2-d20-k16-v100,16,2,control_after,20,16,100,2560,32,83886080,0.970551011,86431397.26738176,8.049551143067122,16107388928,15.456348771716248,1.920150390625,19.39204100216017,0.22436338663101202
long_write,long-r2-control_before-v2-d20-k16-v1024,17,2,control_before,20,16,1024,2560,32,83886080,2.21701757,37837354.622318126,36.0845133040601,129154093056,54.254925217864205,1.5035515308380127,17.883359399808455,0.4726376771926879
long_write,long-r2-reuse_encoded_metadata-v2-d20-k16-v1024,18,2,reuse_encoded_metadata,20,16,1024,2560,32,83886080,2.198707469,38152451.46647564,36.38501307151379,129154093056,54.70674210323566,1.5035515308380127,17.966219498024547,0.4709060311317444
long_write,long-r2-single_reap-v2-d20-k16-v1024,19,2,single_reap,20,16,1024,2560,32,83886080,2.22008618,37785055.713467844,36.03463717791352,129154093056,54.17993389204423,1.5035515308380127,17.93004990463929,0.4745275497436524
long_write,long-r2-control_after-v2-d20-k16-v1024,20,2,control_after,20,16,1024,2560,32,83886080,2.236248038,37511974.77853304,35.77420690396599,129154093056,53.78836355497387,1.5035515308380127,17.856604151887023,0.4760241031646729
long_write,long-r2-control_before-v2-d20-k16-v4096,21,2,control_before,20,16,4096,2560,32,83559040,4.443977979,18802757.438236173,71.72682738584966,358477922304,75.12606568273203,1.0473914492076501,18.37177217929684,0.9770786141152411
long_write,long-r2-reuse_encoded_metadata-v2-d20-k16-v4096,22,2,reuse_encoded_metadata,20,16,4096,2560,32,83559040,4.300890811,19428310.01110016,74.1131210750586,358477922304,77.62544928810766,1.0473914492076501,18.69502262051265,0.9622567588138877
long_write,long-r2-single_reap-v2-d20-k16-v4096,23,2,single_reap,20,16,4096,2560,32,83559040,4.187756174,19953176.958769135,76.11532958514837,358477922304,79.72254536110648,1.0473914492076501,18.768617067054674,0.9406330182826417
long_write,long-r2-control_after-v2-d20-k16-v4096,24,2,control_after,20,16,4096,2560,32,83559040,4.17966498,19991803.26649051,76.2626772555943,358477922304,79.8768760511922,1.0473914492076501,18.611806537661778,0.9309718733006026
long_write,long-r3-control_before-v2-d20-k16-v100,25,3,control_before,20,16,100,2560,32,83886080,0.955395824,87802435.27629235,8.17723900790255,16107388928,15.70152867525807,1.920150390625,19.709635029763326,0.22447708845138545
long_write,long-r3-reuse_encoded_metadata-v2-d20-k16-v100,26,3,reuse_encoded_metadata,20,16,100,2560,32,83886080,0.932331782,89974493.65080209,8.379527707658903,16107388928,16.089953401114254,1.920150390625,19.55898999912029,0.21738371849060054
long_write,long-r3-single_reap-v2-d20-k16-v100,27,3,single_reap,20,16,100,2560,32,83886080,0.950816865,88225275.64232887,8.216619085737399,16107388928,15.777144347095497,1.920150390625,19.753660974450636,0.22390024662017818
long_write,long-r3-control_after-v2-d20-k16-v100,28,3,control_after,20,16,100,2560,32,83886080,0.95740582,87618101.17260411,8.160071556698915,16107388928,15.668564587123372,1.920150390625,19.671251841773845,0.22451127767562862
long_write,long-r3-control_before-v2-d20-k16-v1024,29,3,control_before,20,16,1024,2560,32,83886080,2.238375294,37476325.0045057,35.74020863009043,129154093056,53.73724539824242,1.5035515308380127,17.776456480134826,0.4743383049964905
long_write,long-r3-single_reap-v2-d20-k16-v1024,30,3,single_reap,20,16,1024,2560,32,83886080,2.214648404,37877831.916113034,36.123115459549936,129154093056,54.31296554784459,1.5035515308380127,17.929423888813368,0.4733487367630005
long_write,long-r3-reuse_encoded_metadata-v2-d20-k16-v1024,31,3,reuse_encoded_metadata,20,16,1024,2560,32,83886080,2.207578245,37999142.358824976,36.23880611307619,129154093056,54.48691240705763,1.5035515308380127,17.817595860571636,0.4688946843147278
long_write,long-r3-control_after-v2-d20-k16-v1024,32,3,control_after,20,16,1024,2560,32,83886080,2.238823446,37468823.256195255,35.73305440539861,129154093056,53.72648865275507,1.5035515308380127,17.874406787858874,0.47704745531082154
long_write,long-r3-control_before-v2-d20-k16-v4096,33,3,control_before,20,16,4096,2560,32,83559040,4.260690382,19611619.833492044,74.81239255329912,358477922304,78.35786025509158,1.0473914492076501,18.520388229420984,0.944357905500111
long_write,long-r3-reuse_encoded_metadata-v2-d20-k16-v4096,34,3,reuse_encoded_metadata,20,16,4096,2560,32,83559040,4.233612676,19737053.52728399,75.2908841220245,358477922304,78.85902823269248,1.0473914492076501,18.93356434196391,0.9592903173612335
long_write,long-r3-single_reap-v2-d20-k16-v4096,35,3,single_reap,20,16,4096,2560,32,83559040,4.132338592,20220763.168285895,77.13608996691092,358477922304,80.79168105665451,1.0473914492076501,18.812284441187437,0.9303449273711137
long_write,long-r3-control_after-v2-d20-k16-v4096,36,3,control_after,20,16,4096,2560,32,83559040,4.272657718,19556689.422599804,74.60284966506883,358477922304,78.13838682571689,1.0473914492076501,18.77774099759985,0.9601697195180797
prepared_write,prepared-r1-control_before-v2-d20-k16-v65536,1,1,control_before,20,16,65536,2560,32,5241600,8.699913685,602488.7360707188,36.772994144941336,387130769408,41.44220712207326,1.1269739678724053,17.0756433200176,28.341846573565316
prepared_write,prepared-r1-reuse_encoded_metadata-v2-d20-k16-v65536,2,1,reuse_encoded_metadata,20,16,65536,2560,32,5241600,9.018252895,581221.2255553519,35.4749283175874,387130769408,39.97932072606062,1.1269739678724053,17.039257912715705,29.31630360958487
prepared_write,prepared-r1-control_after-v2-d20-k16-v65536,3,1,control_after,20,16,65536,2560,32,5241600,8.863717624,591354.5785582666,36.0934191014567,387130769408,40.67634373885033,1.1269739678724053,17.124002527903638,28.95725026709402
prepared_write,prepared-r2-control_before-v2-d20-k16-v65536,4,2,control_before,20,16,65536,2560,32,5241600,9.00298616,582206.8263625987,35.53508461685783,387130769408,40.04711530934195,1.1269739678724053,17.1440934437691,29.446740689865685
prepared_write,prepared-r2-reuse_encoded_metadata-v2-d20-k16-v65536,5,2,reuse_encoded_metadata,20,16,65536,2560,32,5241600,9.062759486,578366.8879326585,35.300713374796054,387130769408,39.7829850207204,1.1269739678724053,17.176832756124192,29.698852258852263
prepared_write,prepared-r2-control_after-v2-d20-k16-v65536,6,2,control_after,20,16,65536,2560,32,5241600,9.137760964,573619.7325198493,35.01097000243221,387130769408,39.45645178270278,1.1269739678724053,17.066410208626685,29.752132364163614
prepared_write,prepared-r3-control_before-v2-d20-k16-v65536,7,3,control_before,20,16,65536,2560,32,5241600,8.83614886,593199.603475218,36.20603048554798,387130769408,40.80325383720728,1.1269739678724053,17.08350565293668,28.79891617063492
prepared_write,prepared-r3-reuse_encoded_metadata-v2-d20-k16-v65536,8,3,reuse_encoded_metadata,20,16,65536,2560,32,5241600,9.186583345,570571.2127297964,34.82490312071511,387130769408,39.24675925072442,1.1269739678724053,17.163542971154527,30.081333562271062
prepared_write,prepared-r3-control_after-v2-d20-k16-v65536,9,3,control_after,20,16,65536,2560,32,5241600,8.91515013,587942.9873381167,35.88519209827373,387130769408,40.44167732685503,1.1269739678724053,17.22082497336475,29.289957264957266
buffer_reads,buffer-r1-control_before-v2-d20-k16-v4096,1,1,control_before,20,16,4096,2560,1,2611220,0.135205125,19313025.301370785,73.67334480808557,11029897216,75.9763527673172,1.0312597176798584,19.148896907569142,0.9915016735472306
buffer_reads,buffer-r1-no_registered_buffers-v2-d20-k16-v4096,2,1,no_registered_buffers,20,16,4096,2560,1,2611220,0.137113916,19044164.70754143,72.64772303597042,11029897216,74.9186703481594,1.0312597176798584,19.017165259870488,0.9985822718882361
buffer_reads,buffer-r1-control_after-v2-d20-k16-v4096,3,1,control_after,20,16,4096,2560,1,2611220,0.133569748,19549486.609797303,74.57537311476632,11029897216,76.90657822420403,1.0312597176798584,19.226157408038233,0.9834609875843475
buffer_reads,buffer-r2-control_before-v2-d20-k16-v4096,4,2,control_before,20,16,4096,2560,1,2611220,0.133020879,19630151.444120288,74.88308503769031,11029897216,77.22390913496533,1.0312597176798584,19.07299078966393,0.9716170985209979
buffer_reads,buffer-r2-no_registered_buffers-v2-d20-k16-v4096,5,2,no_registered_buffers,20,16,4096,2560,1,2611220,0.137710414,18961674.16939143,72.33304660564968,11029897216,74.59415722146633,1.0312597176798584,18.96052683423056,0.9999394918850193
buffer_reads,buffer-r2-control_after-v2-d20-k16-v4096,6,2,control_after,20,16,4096,2560,1,2611220,0.135178405,19316842.804884404,73.68790742830049,11029897216,75.99137061092871,1.0312597176798584,18.828473379309365,0.9747179479323841
buffer_reads,buffer-r3-control_before-v2-d20-k16-v4096,7,3,control_before,20,16,4096,2560,1,2611220,0.132804503,19662134.498556875,75.00509070799589,11029897216,77.34972866808002,1.0312597176798584,19.062177432342036,0.9694866767258217
buffer_reads,buffer-r3-no_registered_buffers-v2-d20-k16-v4096,8,3,no_registered_buffers,20,16,4096,2560,1,2611220,0.140146324,18632097.69240897,71.07581212009038,11029897216,73.29762194083106,1.0312597176798584,18.950536298048032,1.0170908617427867
buffer_reads,buffer-r3-control_after-v2-d20-k16-v4096,9,3,control_after,20,16,4096,2560,1,2611220,0.135488668,19272608.097379774,73.51916541053686,11029897216,75.81735376532906,1.0312597176798584,18.731559158881097,0.9719265324254563
final,final-r1-control_before-v2-d20-k16-v100,1,1,control_before,20,16,100,2560,1,2621440,0.041605601,63006901.40252992,5.867974963274777,503435264,11.269170855642805,1.920453125,17.741938158758963,0.28158721923828123
final,final-r1-cleaned-v2-d20-k16-v100,2,1,cleaned,20,16,100,2560,1,2621440,0.040741579,64343112.47485033,5.992419316885091,503435264,11.50816040342234,1.920453125,18.164784433121746,0.2823112487792968
final,final-r1-control_after-v2-d20-k16-v100,3,1,control_after,20,16,100,2560,1,2621440,0.040336497,64989282.534871586,6.052598593278936,503435264,11.623731882833136,1.920453125,18.407820589874227,0.2832439422607421
final,final-r1-control_before-v2-d20-k16-v1024,4,1,control_before,20,16,1024,2560,1,2621440,0.071132788,36852766.12523609,35.14553654216393,3858841600,50.52278133601782,1.437530517578125,18.19796519152321,0.49380187988281243
final,final-r1-cleaned-v2-d20-k16-v1024,5,1,cleaned,20,16,1024,2560,1,2621440,0.066559791,39384739.053642765,37.5602140938213,3858841600,53.99395400663612,1.437530517578125,19.39260897018142,0.4923889160156252
final,final-r1-control_after-v2-d20-k16-v1024,6,1,control_after,20,16,1024,2560,1,2621440,0.071347543,36741839.86966447,35.03974902121016,3858841600,50.37070854626784,1.437530517578125,18.13381296115551,0.4935466766357422
final,final-r1-control_before-v2-d20-k16-v4096,7,1,control_before,20,16,4096,2560,1,2611220,0.137278517,19021330.19108882,72.56061626849679,11029897216,74.82884064772655,1.0312597176798584,18.99452337469526,0.9985906970688031
final,final-r1-cleaned-v2-d20-k16-v4096,8,1,cleaned,20,16,4096,2560,1,2611220,0.133983464,19489121.433671847,74.34509824246157,11029897216,76.66910502440226,1.0312597176798584,18.963243105880586,0.9730168273833687
final,final-r1-control_after-v2-d20-k16-v4096,9,1,control_after,20,16,4096,2560,1,2611220,0.147200695,17739182.549375873,67.66961116552686,11029897216,69.78494410606702,1.0312597176798584,18.783586585647576,1.0588755447645164
final,final-r1-control_before-v2-d20-k16-v65536,10,1,control_before,20,16,65536,2560,1,163800,0.269034537,608843.7634310125,37.160874232849885,12076728320,41.80626709616119,1.1250076312576314,16.83573064821785,27.651971916971917
final,final-r1-cleaned-v2-d20-k16-v65536,11,1,cleaned,20,16,65536,2560,1,163800,0.281500992,581880.7203350815,35.51518068451425,12076728320,39.95484929557215,1.1250076312576314,16.82055528955294,28.907222222222224
final,final-r1-control_after-v2-d20-k16-v65536,12,1,control_after,20,16,65536,2560,1,163800,0.286314243,572098.6783043133,34.91813222072225,12076728320,39.28316521757551,1.1250076312576314,16.80867828849157,29.3807326007326
final,final-r1-control_before-v2-d20-k16-v4194304,13,1,control_before,20,16,4194304,620,1,40960,4.10066528,9988.623114344997,39.018059040410144,172149358592,39.0977007180417,1.0020411491394043,16.36159511170831,1638.0230712890625
final,final-r1-cleaned-v2-d20-k16-v4194304,14,1,cleaned,20,16,4194304,620,1,40960,4.052665226,10106.929074037462,39.480191695458835,172149358592,39.56077665476153,1.0020411491394043,16.524278780879495,1634.945556640625
final,final-r1-control_after-v2-d20-k16-v4194304,15,1,control_after,20,16,4194304,620,1,40960,4.196906066,9759.570349173498,38.12332167645898,172149358592,38.20113706169012,1.0020411491394043,16.333912153848996,1673.630249023437
final,final-r2-control_before-v2-d20-k16-v100,16,2,control_before,20,16,100,2560,1,2621440,0.044075489,59476141.036121,5.539147279795353,503435264,10.637672703318234,1.920453125,16.585907872740794,0.27886657714843766
final,final-r2-cleaned-v2-d20-k16-v100,17,2,cleaned,20,16,100,2560,1,2621440,0.04407941,59470850.44922335,5.538654555494277,503435264,10.636726449394471,1.920453125,16.575516777561223,0.2787166595458984
final,final-r2-control_after-v2-d20-k16-v100,18,2,control_after,20,16,100,2560,1,2621440,0.044158228,59364700.95675035,5.528768613631869,503435264,10.617740961451242,1.920453125,16.558929855609243,0.2789356231689453
final,final-r2-control_before-v2-d20-k16-v1024,19,2,control_before,20,16,1024,2560,1,2621440,0.066207698,39594187.37077976,37.759959574489365,3858841600,54.28109423084477,1.437530517578125,19.294871119065345,0.4873157501220705
final,final-r2-cleaned-v2-d20-k16-v1024,20,2,cleaned,20,16,1024,2560,1,2621440,0.066940243,39160897.578456655,37.34674222798982,3858841600,53.687081684859024,1.437530517578125,19.19728615266604,0.49021568298339835
final,final-r2-control_after-v2-d20-k16-v1024,21,2,control_after,20,16,1024,2560,1,2621440,0.070787614,37032467.29011095,35.31691292773338,3858841600,50.76914012026613,1.437530517578125,18.16138343072278,0.4904178619384765
final,final-r2-control_before-v2-d20-k16-v4096,22,2,control_before,20,16,4096,2560,1,2611220,0.134072801,19476135.20806506,74.29555972314857,11029897216,76.61801794496125,1.0312597176798584,18.880063526083866,0.9693947656650916
final,final-r2-cleaned-v2-d20-k16-v4096,23,2,cleaned,20,16,4096,2560,1,2611220,0.134710248,19383974.4100241,73.9439941788639,11029897216,76.25546256101629,1.0312597176798584,18.865290783222374,0.9732416265194047
final,final-r2-control_after-v2-d20-k16-v4096,24,2,control_after,20,16,4096,2560,1,2611220,0.13557084,19260926.612241983,73.47460408112329,11029897216,75.77139946133858,1.0312597176798584,18.814008971250747,0.9767966697558994
final,final-r2-control_before-v2-d20-k16-v65536,25,2,control_before,20,16,65536,2560,1,163800,0.25845078,633776.3809418568,38.68264043834575,12076728320,43.51826569033401,1.1250076312576314,16.799643630404212,26.507210012210013
final,final-r2-cleaned-v2-d20-k16-v65536,26,2,cleaned,20,16,65536,2560,1,163800,0.278685797,587758.6937091021,35.87394370783094,12076728320,40.35846043461649,1.1250076312576314,16.622450981956572,28.281080586080588
final,final-r2-control_after-v2-d20-k16-v65536,27,2,control_after,20,16,65536,2560,1,163800,0.294643151,555926.7182830257,33.9310741139542,12076728320,38.172717314966754,1.1250076312576314,16.762877342429725,30.153034188034187
final,final-r2-control_before-v2-d20-k16-v4194304,28,2,control_before,20,16,4194304,620,1,40960,4.133569983,9909.110083645583,38.70746126424056,172149358592,38.78646896548859,1.0020411491394043,16.356501348243896,1650.6529052734375
final,final-r2-cleaned-v2-d20-k16-v4194304,29,2,cleaned,20,16,4194304,620,1,40960,4.053492157,10104.86721412941,39.47213755519301,172149358592,39.55270607479424,1.0020411491394043,16.462485041388966,1629.163916015625
final,final-r2-control_after-v2-d20-k16-v4194304,30,2,control_after,20,16,4194304,620,1,40960,4.071244923,10060.80468620335,39.300018305481835,172149358592,39.38023550402465,1.0020411491394043,16.518685628582606,1641.8851318359375
final,final-r3-control_before-v2-d20-k16-v100,31,3,control_before,20,16,100,2560,1,2621440,0.0435637,60174870.36225115,5.604221519292439,503435264,10.762644729917412,1.920453125,16.875793378432046,0.28044586181640624
final,final-r3-cleaned-v2-d20-k16-v100,32,3,cleaned,20,16,100,2560,1,2621440,0.049200975,53280244.95449531,4.962109490716394,503435264,9.529498678038456,1.920453125,14.810072361370883,0.27796554565429676
final,final-r3-control_after-v2-d20-k16-v100,33,3,control_after,20,16,100,2560,1,2621440,0.047319954,55398194.17406873,5.159358882724189,503435264,9.908306889324177,1.920453125,15.462863721296092,0.2791221618652343
final,final-r3-control_before-v2-d20-k16-v1024,34,3,control_before,20,16,1024,2560,1,2621440,0.070460581,37204348.34336663,35.48083147370017,3858841600,51.004778032490435,1.437530517578125,18.1838409762758,0.48875579833984373
final,final-r3-cleaned-v2-d20-k16-v1024,35,3,cleaned,20,16,1024,2560,1,2621440,0.076954578,34064769.999778315,32.48669624307472,3858841600,46.70061726471052,1.437530517578125,16.733455415738884,0.4912246704101563
final,final-r3-control_after-v2-d20-k16-v1024,36,3,control_after,20,16,1024,2560,1,2621440,0.067095919,39070036.435449965,37.260090289545026,3858841600,53.56251687893734,1.437530517578125,19.144502663418326,0.49000473022460944
final,final-r3-control_before-v2-d20-k16-v4096,37,3,control_before,20,16,4096,2560,1,2611220,0.132843337,19656386.680500202,74.98316452217179,11029897216,77.32711707587727,1.0312597176798584,19.06645118377296,0.9699875920068014
final,final-r3-cleaned-v2-d20-k16-v4096,38,3,cleaned,20,16,4096,2560,1,2611220,0.133115421,19616209.605046432,74.82990114229749,11029897216,77.16906272601743,1.0312597176798584,18.892033553347662,0.9630827735694428
final,final-r3-control_after-v2-d20-k16-v4096,39,3,control_after,20,16,4096,2560,1,2611220,0.135294855,19300216.552950222,73.62448331050958,11029897216,75.92596387312156,1.0312597176798584,18.95941275815699,0.982341970419957
final,final-r3-control_before-v2-d20-k16-v65536,40,3,control_before,20,16,65536,2560,1,163800,0.290574583,563710.694544815,34.406170321338806,12076728320,38.707204173855985,1.1250076312576314,16.800382021024877,29.803199023199024
final,final-r3-cleaned-v2-d20-k16-v65536,41,3,cleaned,20,16,65536,2560,1,163800,0.308525727,530911.9650822507,32.40429474378971,12076728320,36.45507887228497,1.1250076312576314,16.75641137051757,31.56156288156288
final,final-r3-control_after-v2-d20-k16-v65536,42,3,control_after,20,16,65536,2560,1,163800,0.280357102,584254.862214976,35.66008680511328,12076728320,40.117869787062006,1.1250076312576314,16.849171882223263,28.83873626373626
final,final-r3-control_before-v2-d20-k16-v4194304,43,3,control_before,20,16,4194304,620,1,40960,4.057119741,10095.832170313062,39.4368444152854,172149358592,39.51734089632448,1.0020411491394043,16.201442204365048,1604.7654052734374
final,final-r3-cleaned-v2-d20-k16-v4194304,44,3,cleaned,20,16,4194304,620,1,40960,4.024736101,10177.06477446383,39.754159275249336,172149358592,39.83530344324175,1.0020411491394043,16.260703399594146,1597.7792968749998
final,final-r3-control_after-v2-d20-k16-v4194304,45,3,control_after,20,16,4194304,620,1,40960,4.052677809,10106.897693430728,39.48006911496378,172149358592,39.56065382406141,1.0020411491394043,16.245179632536633,1607.3359130859376
