suite,run,order,round,variant,devices,key_bytes,value_bytes,phase,samples,tasks,io_wq,running_tasks,running_io_wq
main,ablate-r1-control_before-v2-d20-k16-v100,1,1,control_before,20,16,100,setup_and_write,6,18,0,1,0
main,ablate-r1-control_before-v2-d20-k16-v100,1,1,control_before,20,16,100,verify,2,21,0,20,0
main,ablate-r1-control_before-v2-d20-k16-v100,1,1,control_before,20,16,100,read_160,28,21,0,20,0
main,ablate-r1-control_before-v2-d20-k16-v100,1,1,control_before,20,16,100,read_640,28,21,0,20,0
main,ablate-r1-control_before-v2-d20-k16-v100,1,1,control_before,20,16,100,read_2560,28,21,0,20,0
main,ablate-r1-no_registered_buffers-v2-d20-k16-v100,2,1,no_registered_buffers,20,16,100,setup_and_write,4,15,0,1,0
main,ablate-r1-no_registered_buffers-v2-d20-k16-v100,2,1,no_registered_buffers,20,16,100,verify,2,21,0,20,0
main,ablate-r1-no_registered_buffers-v2-d20-k16-v100,2,1,no_registered_buffers,20,16,100,read_160,28,21,0,20,0
main,ablate-r1-no_registered_buffers-v2-d20-k16-v100,2,1,no_registered_buffers,20,16,100,read_640,28,21,0,20,0
main,ablate-r1-no_registered_buffers-v2-d20-k16-v100,2,1,no_registered_buffers,20,16,100,read_2560,28,21,0,20,0
main,ablate-r1-kernel_split-v2-d20-k16-v100,3,1,kernel_split,20,16,100,setup_and_write,6,18,0,1,0
main,ablate-r1-kernel_split-v2-d20-k16-v100,3,1,kernel_split,20,16,100,verify,2,21,0,20,0
main,ablate-r1-kernel_split-v2-d20-k16-v100,3,1,kernel_split,20,16,100,read_160,28,21,0,20,0
main,ablate-r1-kernel_split-v2-d20-k16-v100,3,1,kernel_split,20,16,100,read_640,28,21,0,20,0
main,ablate-r1-kernel_split-v2-d20-k16-v100,3,1,kernel_split,20,16,100,read_2560,28,21,0,20,0
main,ablate-r1-no_registered_files-v2-d20-k16-v100,4,1,no_registered_files,20,16,100,setup_and_write,6,18,0,1,0
main,ablate-r1-no_registered_files-v2-d20-k16-v100,4,1,no_registered_files,20,16,100,verify,2,21,0,20,0
main,ablate-r1-no_registered_files-v2-d20-k16-v100,4,1,no_registered_files,20,16,100,read_160,28,21,0,20,0
main,ablate-r1-no_registered_files-v2-d20-k16-v100,4,1,no_registered_files,20,16,100,read_640,28,21,0,20,0
main,ablate-r1-no_registered_files-v2-d20-k16-v100,4,1,no_registered_files,20,16,100,read_2560,28,21,0,20,0
main,ablate-r1-no_defer_taskrun-v2-d20-k16-v100,5,1,no_defer_taskrun,20,16,100,setup_and_write,6,18,0,1,0
main,ablate-r1-no_defer_taskrun-v2-d20-k16-v100,5,1,no_defer_taskrun,20,16,100,verify,2,21,0,20,0
main,ablate-r1-no_defer_taskrun-v2-d20-k16-v100,5,1,no_defer_taskrun,20,16,100,read_160,28,21,0,20,0
main,ablate-r1-no_defer_taskrun-v2-d20-k16-v100,5,1,no_defer_taskrun,20,16,100,read_640,28,21,0,20,0
main,ablate-r1-no_defer_taskrun-v2-d20-k16-v100,5,1,no_defer_taskrun,20,16,100,read_2560,28,21,0,20,0
main,ablate-r1-single_reap-v2-d20-k16-v100,6,1,single_reap,20,16,100,setup_and_write,6,19,0,1,0
main,ablate-r1-single_reap-v2-d20-k16-v100,6,1,single_reap,20,16,100,verify,2,21,0,20,0
main,ablate-r1-single_reap-v2-d20-k16-v100,6,1,single_reap,20,16,100,read_160,28,21,0,20,0
main,ablate-r1-single_reap-v2-d20-k16-v100,6,1,single_reap,20,16,100,read_640,28,21,0,20,0
main,ablate-r1-single_reap-v2-d20-k16-v100,6,1,single_reap,20,16,100,read_2560,28,21,0,20,0
main,ablate-r1-reuse_encoded_metadata-v2-d20-k16-v100,7,1,reuse_encoded_metadata,20,16,100,setup_and_write,6,19,0,1,0
main,ablate-r1-reuse_encoded_metadata-v2-d20-k16-v100,7,1,reuse_encoded_metadata,20,16,100,verify,2,21,0,20,0
main,ablate-r1-reuse_encoded_metadata-v2-d20-k16-v100,7,1,reuse_encoded_metadata,20,16,100,read_160,28,21,0,20,0
main,ablate-r1-reuse_encoded_metadata-v2-d20-k16-v100,7,1,reuse_encoded_metadata,20,16,100,read_640,28,21,0,20,0
main,ablate-r1-reuse_encoded_metadata-v2-d20-k16-v100,7,1,reuse_encoded_metadata,20,16,100,read_2560,28,21,0,20,0
main,ablate-r1-no_huge_pages-v2-d20-k16-v100,8,1,no_huge_pages,20,16,100,setup_and_write,7,18,0,1,0
main,ablate-r1-no_huge_pages-v2-d20-k16-v100,8,1,no_huge_pages,20,16,100,verify,2,21,0,20,0
main,ablate-r1-no_huge_pages-v2-d20-k16-v100,8,1,no_huge_pages,20,16,100,read_160,28,21,0,20,0
main,ablate-r1-no_huge_pages-v2-d20-k16-v100,8,1,no_huge_pages,20,16,100,read_640,28,21,0,20,0
main,ablate-r1-no_huge_pages-v2-d20-k16-v100,8,1,no_huge_pages,20,16,100,read_2560,28,21,0,20,0
main,ablate-r1-no_huge_pages-v2-d20-k16-v100,8,1,no_huge_pages,20,16,100,close,2,21,0,2,0
main,ablate-r1-control_after-v2-d20-k16-v100,9,1,control_after,20,16,100,setup_and_write,6,19,0,1,0
main,ablate-r1-control_after-v2-d20-k16-v100,9,1,control_after,20,16,100,verify,2,21,0,20,0
main,ablate-r1-control_after-v2-d20-k16-v100,9,1,control_after,20,16,100,read_160,28,21,0,20,0
main,ablate-r1-control_after-v2-d20-k16-v100,9,1,control_after,20,16,100,read_640,28,21,0,20,0
main,ablate-r1-control_after-v2-d20-k16-v100,9,1,control_after,20,16,100,read_2560,28,21,0,20,0
main,ablate-r1-control_before-v2-d20-k16-v1024,10,1,control_before,20,16,1024,setup_and_write,6,19,0,1,0
main,ablate-r1-control_before-v2-d20-k16-v1024,10,1,control_before,20,16,1024,verify,2,21,0,20,0
main,ablate-r1-control_before-v2-d20-k16-v1024,10,1,control_before,20,16,1024,read_160,27,21,0,20,0
main,ablate-r1-control_before-v2-d20-k16-v1024,10,1,control_before,20,16,1024,read_640,28,21,0,20,0
main,ablate-r1-control_before-v2-d20-k16-v1024,10,1,control_before,20,16,1024,read_2560,28,21,0,20,0
main,ablate-r1-control_before-v2-d20-k16-v1024,10,1,control_before,20,16,1024,close,1,21,0,6,0
main,ablate-r1-single_reap-v2-d20-k16-v1024,11,1,single_reap,20,16,1024,setup_and_write,6,18,0,1,0
main,ablate-r1-single_reap-v2-d20-k16-v1024,11,1,single_reap,20,16,1024,verify,2,21,0,20,0
main,ablate-r1-single_reap-v2-d20-k16-v1024,11,1,single_reap,20,16,1024,read_160,27,21,0,20,0
main,ablate-r1-single_reap-v2-d20-k16-v1024,11,1,single_reap,20,16,1024,read_640,28,21,0,20,0
main,ablate-r1-single_reap-v2-d20-k16-v1024,11,1,single_reap,20,16,1024,read_2560,28,21,0,20,0
main,ablate-r1-single_reap-v2-d20-k16-v1024,11,1,single_reap,20,16,1024,close,1,14,0,13,0
main,ablate-r1-no_defer_taskrun-v2-d20-k16-v1024,12,1,no_defer_taskrun,20,16,1024,setup_and_write,6,18,0,1,0
main,ablate-r1-no_defer_taskrun-v2-d20-k16-v1024,12,1,no_defer_taskrun,20,16,1024,verify,2,21,0,20,0
main,ablate-r1-no_defer_taskrun-v2-d20-k16-v1024,12,1,no_defer_taskrun,20,16,1024,read_160,27,21,0,20,0
main,ablate-r1-no_defer_taskrun-v2-d20-k16-v1024,12,1,no_defer_taskrun,20,16,1024,read_640,28,21,0,20,0
main,ablate-r1-no_defer_taskrun-v2-d20-k16-v1024,12,1,no_defer_taskrun,20,16,1024,read_2560,28,21,0,20,0
main,ablate-r1-no_defer_taskrun-v2-d20-k16-v1024,12,1,no_defer_taskrun,20,16,1024,close,1,21,0,9,0
main,ablate-r1-no_registered_files-v2-d20-k16-v1024,13,1,no_registered_files,20,16,1024,setup_and_write,6,18,0,1,0
main,ablate-r1-no_registered_files-v2-d20-k16-v1024,13,1,no_registered_files,20,16,1024,verify,2,21,0,20,0
main,ablate-r1-no_registered_files-v2-d20-k16-v1024,13,1,no_registered_files,20,16,1024,read_160,27,21,0,20,0
main,ablate-r1-no_registered_files-v2-d20-k16-v1024,13,1,no_registered_files,20,16,1024,read_640,28,21,0,20,0
main,ablate-r1-no_registered_files-v2-d20-k16-v1024,13,1,no_registered_files,20,16,1024,read_2560,28,21,0,20,0
main,ablate-r1-no_registered_files-v2-d20-k16-v1024,13,1,no_registered_files,20,16,1024,close,1,20,0,6,0
main,ablate-r1-reuse_encoded_metadata-v2-d20-k16-v1024,14,1,reuse_encoded_metadata,20,16,1024,setup_and_write,6,19,0,1,0
main,ablate-r1-reuse_encoded_metadata-v2-d20-k16-v1024,14,1,reuse_encoded_metadata,20,16,1024,verify,2,21,0,20,0
main,ablate-r1-reuse_encoded_metadata-v2-d20-k16-v1024,14,1,reuse_encoded_metadata,20,16,1024,read_160,27,21,0,20,0
main,ablate-r1-reuse_encoded_metadata-v2-d20-k16-v1024,14,1,reuse_encoded_metadata,20,16,1024,read_640,28,21,0,20,0
main,ablate-r1-reuse_encoded_metadata-v2-d20-k16-v1024,14,1,reuse_encoded_metadata,20,16,1024,read_2560,28,21,0,20,0
main,ablate-r1-reuse_encoded_metadata-v2-d20-k16-v1024,14,1,reuse_encoded_metadata,20,16,1024,close,1,13,0,12,0
main,ablate-r1-no_huge_pages-v2-d20-k16-v1024,15,1,no_huge_pages,20,16,1024,setup_and_write,8,21,0,20,0
main,ablate-r1-no_huge_pages-v2-d20-k16-v1024,15,1,no_huge_pages,20,16,1024,verify,1,21,0,20,0
main,ablate-r1-no_huge_pages-v2-d20-k16-v1024,15,1,no_huge_pages,20,16,1024,read_160,28,21,0,20,0
main,ablate-r1-no_huge_pages-v2-d20-k16-v1024,15,1,no_huge_pages,20,16,1024,read_640,28,21,0,20,0
main,ablate-r1-no_huge_pages-v2-d20-k16-v1024,15,1,no_huge_pages,20,16,1024,read_2560,28,21,0,20,0
main,ablate-r1-no_huge_pages-v2-d20-k16-v1024,15,1,no_huge_pages,20,16,1024,close,1,14,0,1,0
main,ablate-r1-no_registered_buffers-v2-d20-k16-v1024,16,1,no_registered_buffers,20,16,1024,setup_and_write,4,15,0,1,0
main,ablate-r1-no_registered_buffers-v2-d20-k16-v1024,16,1,no_registered_buffers,20,16,1024,verify,1,21,0,20,0
main,ablate-r1-no_registered_buffers-v2-d20-k16-v1024,16,1,no_registered_buffers,20,16,1024,read_160,28,21,0,20,0
main,ablate-r1-no_registered_buffers-v2-d20-k16-v1024,16,1,no_registered_buffers,20,16,1024,read_640,28,21,0,20,0
main,ablate-r1-no_registered_buffers-v2-d20-k16-v1024,16,1,no_registered_buffers,20,16,1024,read_2560,28,21,0,20,0
main,ablate-r1-kernel_split-v2-d20-k16-v1024,17,1,kernel_split,20,16,1024,setup_and_write,6,19,0,1,0
main,ablate-r1-kernel_split-v2-d20-k16-v1024,17,1,kernel_split,20,16,1024,verify,2,21,0,20,0
main,ablate-r1-kernel_split-v2-d20-k16-v1024,17,1,kernel_split,20,16,1024,read_160,27,21,0,20,0
main,ablate-r1-kernel_split-v2-d20-k16-v1024,17,1,kernel_split,20,16,1024,read_640,28,21,0,20,0
main,ablate-r1-kernel_split-v2-d20-k16-v1024,17,1,kernel_split,20,16,1024,read_2560,28,21,0,20,0
main,ablate-r1-kernel_split-v2-d20-k16-v1024,17,1,kernel_split,20,16,1024,close,1,14,0,13,0
main,ablate-r1-control_after-v2-d20-k16-v1024,18,1,control_after,20,16,1024,setup_and_write,6,18,0,1,0
main,ablate-r1-control_after-v2-d20-k16-v1024,18,1,control_after,20,16,1024,verify,2,21,0,20,0
main,ablate-r1-control_after-v2-d20-k16-v1024,18,1,control_after,20,16,1024,read_160,27,21,0,20,0
main,ablate-r1-control_after-v2-d20-k16-v1024,18,1,control_after,20,16,1024,read_640,28,21,0,20,0
main,ablate-r1-control_after-v2-d20-k16-v1024,18,1,control_after,20,16,1024,read_2560,28,21,0,20,0
main,ablate-r1-control_after-v2-d20-k16-v1024,18,1,control_after,20,16,1024,close,1,21,0,9,0
main,ablate-r1-control_before-v2-d20-k16-v4096,19,1,control_before,20,16,4096,setup_and_write,7,21,0,1,0
main,ablate-r1-control_before-v2-d20-k16-v4096,19,1,control_before,20,16,4096,verify,1,21,0,20,0
main,ablate-r1-control_before-v2-d20-k16-v4096,19,1,control_before,20,16,4096,read_160,28,21,0,20,0
main,ablate-r1-control_before-v2-d20-k16-v4096,19,1,control_before,20,16,4096,read_640,28,21,0,20,0
main,ablate-r1-control_before-v2-d20-k16-v4096,19,1,control_before,20,16,4096,read_2560,28,21,0,20,0
main,ablate-r1-kernel_split-v2-d20-k16-v4096,20,1,kernel_split,20,16,4096,setup_and_write,7,41,20,14,2
main,ablate-r1-kernel_split-v2-d20-k16-v4096,20,1,kernel_split,20,16,4096,verify,1,41,20,20,0
main,ablate-r1-kernel_split-v2-d20-k16-v4096,20,1,kernel_split,20,16,4096,read_160,28,41,20,20,0
main,ablate-r1-kernel_split-v2-d20-k16-v4096,20,1,kernel_split,20,16,4096,read_640,28,41,20,20,0
main,ablate-r1-kernel_split-v2-d20-k16-v4096,20,1,kernel_split,20,16,4096,read_2560,28,41,20,20,0
main,ablate-r1-single_reap-v2-d20-k16-v4096,21,1,single_reap,20,16,4096,setup_and_write,6,19,0,1,0
main,ablate-r1-single_reap-v2-d20-k16-v4096,21,1,single_reap,20,16,4096,verify,2,21,0,20,0
main,ablate-r1-single_reap-v2-d20-k16-v4096,21,1,single_reap,20,16,4096,read_160,28,21,0,20,0
main,ablate-r1-single_reap-v2-d20-k16-v4096,21,1,single_reap,20,16,4096,read_640,28,21,0,20,0
main,ablate-r1-single_reap-v2-d20-k16-v4096,21,1,single_reap,20,16,4096,read_2560,28,21,0,20,0
main,ablate-r1-single_reap-v2-d20-k16-v4096,21,1,single_reap,20,16,4096,close,1,15,0,1,0
main,ablate-r1-no_registered_buffers-v2-d20-k16-v4096,22,1,no_registered_buffers,20,16,4096,setup_and_write,4,14,0,1,0
main,ablate-r1-no_registered_buffers-v2-d20-k16-v4096,22,1,no_registered_buffers,20,16,4096,verify,2,21,0,20,0
main,ablate-r1-no_registered_buffers-v2-d20-k16-v4096,22,1,no_registered_buffers,20,16,4096,read_160,28,21,0,20,0
main,ablate-r1-no_registered_buffers-v2-d20-k16-v4096,22,1,no_registered_buffers,20,16,4096,read_640,28,21,0,20,0
main,ablate-r1-no_registered_buffers-v2-d20-k16-v4096,22,1,no_registered_buffers,20,16,4096,read_2560,28,21,0,20,0
main,ablate-r1-reuse_encoded_metadata-v2-d20-k16-v4096,23,1,reuse_encoded_metadata,20,16,4096,setup_and_write,6,18,0,1,0
main,ablate-r1-reuse_encoded_metadata-v2-d20-k16-v4096,23,1,reuse_encoded_metadata,20,16,4096,verify,2,21,0,20,0
main,ablate-r1-reuse_encoded_metadata-v2-d20-k16-v4096,23,1,reuse_encoded_metadata,20,16,4096,read_160,28,21,0,20,0
main,ablate-r1-reuse_encoded_metadata-v2-d20-k16-v4096,23,1,reuse_encoded_metadata,20,16,4096,read_640,28,21,0,20,0
main,ablate-r1-reuse_encoded_metadata-v2-d20-k16-v4096,23,1,reuse_encoded_metadata,20,16,4096,read_2560,28,21,0,20,0
main,ablate-r1-no_defer_taskrun-v2-d20-k16-v4096,24,1,no_defer_taskrun,20,16,4096,setup_and_write,6,18,0,1,0
main,ablate-r1-no_defer_taskrun-v2-d20-k16-v4096,24,1,no_defer_taskrun,20,16,4096,verify,2,21,0,20,0
main,ablate-r1-no_defer_taskrun-v2-d20-k16-v4096,24,1,no_defer_taskrun,20,16,4096,read_160,28,21,0,20,0
main,ablate-r1-no_defer_taskrun-v2-d20-k16-v4096,24,1,no_defer_taskrun,20,16,4096,read_640,28,21,0,20,0
main,ablate-r1-no_defer_taskrun-v2-d20-k16-v4096,24,1,no_defer_taskrun,20,16,4096,read_2560,28,21,0,20,0
main,ablate-r1-no_defer_taskrun-v2-d20-k16-v4096,24,1,no_defer_taskrun,20,16,4096,close,1,15,0,1,0
main,ablate-r1-no_registered_files-v2-d20-k16-v4096,25,1,no_registered_files,20,16,4096,setup_and_write,6,19,0,1,0
main,ablate-r1-no_registered_files-v2-d20-k16-v4096,25,1,no_registered_files,20,16,4096,verify,2,21,0,20,0
main,ablate-r1-no_registered_files-v2-d20-k16-v4096,25,1,no_registered_files,20,16,4096,read_160,28,21,0,20,0
main,ablate-r1-no_registered_files-v2-d20-k16-v4096,25,1,no_registered_files,20,16,4096,read_640,28,21,0,20,0
main,ablate-r1-no_registered_files-v2-d20-k16-v4096,25,1,no_registered_files,20,16,4096,read_2560,28,21,0,20,0
main,ablate-r1-no_registered_files-v2-d20-k16-v4096,25,1,no_registered_files,20,16,4096,close,1,16,0,1,0
main,ablate-r1-no_huge_pages-v2-d20-k16-v4096,26,1,no_huge_pages,20,16,4096,setup_and_write,8,21,0,20,0
main,ablate-r1-no_huge_pages-v2-d20-k16-v4096,26,1,no_huge_pages,20,16,4096,verify,1,21,0,20,0
main,ablate-r1-no_huge_pages-v2-d20-k16-v4096,26,1,no_huge_pages,20,16,4096,read_160,28,21,0,20,0
main,ablate-r1-no_huge_pages-v2-d20-k16-v4096,26,1,no_huge_pages,20,16,4096,read_640,28,21,0,20,0
main,ablate-r1-no_huge_pages-v2-d20-k16-v4096,26,1,no_huge_pages,20,16,4096,read_2560,28,21,0,20,0
main,ablate-r1-no_huge_pages-v2-d20-k16-v4096,26,1,no_huge_pages,20,16,4096,close,1,21,0,1,0
main,ablate-r1-control_after-v2-d20-k16-v4096,27,1,control_after,20,16,4096,setup_and_write,6,19,0,1,0
main,ablate-r1-control_after-v2-d20-k16-v4096,27,1,control_after,20,16,4096,verify,2,21,0,20,0
main,ablate-r1-control_after-v2-d20-k16-v4096,27,1,control_after,20,16,4096,read_160,28,21,0,20,0
main,ablate-r1-control_after-v2-d20-k16-v4096,27,1,control_after,20,16,4096,read_640,28,21,0,20,0
main,ablate-r1-control_after-v2-d20-k16-v4096,27,1,control_after,20,16,4096,read_2560,28,21,0,20,0
main,ablate-r1-control_after-v2-d20-k16-v4096,27,1,control_after,20,16,4096,close,1,17,0,1,0
main,ablate-r1-control_before-v2-d20-k16-v65536,28,1,control_before,20,16,65536,setup_and_write,5,21,0,16,0
main,ablate-r1-control_before-v2-d20-k16-v65536,28,1,control_before,20,16,65536,read_160,28,21,0,20,0
main,ablate-r1-control_before-v2-d20-k16-v65536,28,1,control_before,20,16,65536,read_640,28,21,0,20,0
main,ablate-r1-control_before-v2-d20-k16-v65536,28,1,control_before,20,16,65536,read_2560,28,21,0,20,0
main,ablate-r1-no_registered_buffers-v2-d20-k16-v65536,29,1,no_registered_buffers,20,16,65536,setup_and_write,3,21,0,20,0
main,ablate-r1-no_registered_buffers-v2-d20-k16-v65536,29,1,no_registered_buffers,20,16,65536,read_160,28,21,0,20,0
main,ablate-r1-no_registered_buffers-v2-d20-k16-v65536,29,1,no_registered_buffers,20,16,65536,read_640,28,21,0,20,0
main,ablate-r1-no_registered_buffers-v2-d20-k16-v65536,29,1,no_registered_buffers,20,16,65536,read_2560,28,21,0,20,0
main,ablate-r1-no_huge_pages-v2-d20-k16-v65536,30,1,no_huge_pages,20,16,65536,setup_and_write,6,21,0,16,0
main,ablate-r1-no_huge_pages-v2-d20-k16-v65536,30,1,no_huge_pages,20,16,65536,read_160,28,21,0,20,0
main,ablate-r1-no_huge_pages-v2-d20-k16-v65536,30,1,no_huge_pages,20,16,65536,read_640,28,21,0,20,0
main,ablate-r1-no_huge_pages-v2-d20-k16-v65536,30,1,no_huge_pages,20,16,65536,read_2560,28,21,0,20,0
main,ablate-r1-no_huge_pages-v2-d20-k16-v65536,30,1,no_huge_pages,20,16,65536,close,1,21,0,1,0
main,ablate-r1-reuse_encoded_metadata-v2-d20-k16-v65536,31,1,reuse_encoded_metadata,20,16,65536,setup_and_write,5,21,0,16,0
main,ablate-r1-reuse_encoded_metadata-v2-d20-k16-v65536,31,1,reuse_encoded_metadata,20,16,65536,read_160,28,21,0,20,0
main,ablate-r1-reuse_encoded_metadata-v2-d20-k16-v65536,31,1,reuse_encoded_metadata,20,16,65536,read_640,28,21,0,20,0
main,ablate-r1-reuse_encoded_metadata-v2-d20-k16-v65536,31,1,reuse_encoded_metadata,20,16,65536,read_2560,28,21,0,20,0
main,ablate-r1-single_reap-v2-d20-k16-v65536,32,1,single_reap,20,16,65536,setup_and_write,5,21,0,16,0
main,ablate-r1-single_reap-v2-d20-k16-v65536,32,1,single_reap,20,16,65536,read_160,28,21,0,20,0
main,ablate-r1-single_reap-v2-d20-k16-v65536,32,1,single_reap,20,16,65536,read_640,28,21,0,20,0
main,ablate-r1-single_reap-v2-d20-k16-v65536,32,1,single_reap,20,16,65536,read_2560,28,21,0,20,0
main,ablate-r1-no_registered_files-v2-d20-k16-v65536,33,1,no_registered_files,20,16,65536,setup_and_write,5,21,0,16,0
main,ablate-r1-no_registered_files-v2-d20-k16-v65536,33,1,no_registered_files,20,16,65536,read_160,28,21,0,20,0
main,ablate-r1-no_registered_files-v2-d20-k16-v65536,33,1,no_registered_files,20,16,65536,read_640,28,21,0,20,0
main,ablate-r1-no_registered_files-v2-d20-k16-v65536,33,1,no_registered_files,20,16,65536,read_2560,28,21,0,20,0
main,ablate-r1-kernel_split-v2-d20-k16-v65536,34,1,kernel_split,20,16,65536,setup_and_write,5,21,0,16,0
main,ablate-r1-kernel_split-v2-d20-k16-v65536,34,1,kernel_split,20,16,65536,read_160,28,21,0,20,0
main,ablate-r1-kernel_split-v2-d20-k16-v65536,34,1,kernel_split,20,16,65536,read_640,28,21,0,20,0
main,ablate-r1-kernel_split-v2-d20-k16-v65536,34,1,kernel_split,20,16,65536,read_2560,28,21,0,20,0
main,ablate-r1-no_defer_taskrun-v2-d20-k16-v65536,35,1,no_defer_taskrun,20,16,65536,setup_and_write,5,21,0,16,0
main,ablate-r1-no_defer_taskrun-v2-d20-k16-v65536,35,1,no_defer_taskrun,20,16,65536,read_160,28,21,0,20,0
main,ablate-r1-no_defer_taskrun-v2-d20-k16-v65536,35,1,no_defer_taskrun,20,16,65536,read_640,28,21,0,20,0
main,ablate-r1-no_defer_taskrun-v2-d20-k16-v65536,35,1,no_defer_taskrun,20,16,65536,read_2560,28,21,0,20,0
main,ablate-r1-control_after-v2-d20-k16-v65536,36,1,control_after,20,16,65536,setup_and_write,5,21,0,16,0
main,ablate-r1-control_after-v2-d20-k16-v65536,36,1,control_after,20,16,65536,read_160,28,21,0,20,0
main,ablate-r1-control_after-v2-d20-k16-v65536,36,1,control_after,20,16,65536,read_640,28,21,0,20,0
main,ablate-r1-control_after-v2-d20-k16-v65536,36,1,control_after,20,16,65536,read_2560,28,21,0,20,0
main,ablate-r1-control_before-v2-d20-k16-v4194304,37,1,control_before,20,16,4194304,setup_and_write,20,21,0,20,0
main,ablate-r1-control_before-v2-d20-k16-v4194304,37,1,control_before,20,16,4194304,verify,3,21,0,20,0
main,ablate-r1-control_before-v2-d20-k16-v4194304,37,1,control_before,20,16,4194304,read_160,28,21,0,20,0
main,ablate-r1-control_before-v2-d20-k16-v4194304,37,1,control_before,20,16,4194304,read_640,28,21,0,20,0
main,ablate-r1-control_before-v2-d20-k16-v4194304,37,1,control_before,20,16,4194304,read_2560,28,21,0,20,0
main,ablate-r1-single_reap-v2-d20-k16-v4194304,38,1,single_reap,20,16,4194304,setup_and_write,20,21,0,20,0
main,ablate-r1-single_reap-v2-d20-k16-v4194304,38,1,single_reap,20,16,4194304,verify,3,21,0,20,0
main,ablate-r1-single_reap-v2-d20-k16-v4194304,38,1,single_reap,20,16,4194304,read_160,28,21,0,20,0
main,ablate-r1-single_reap-v2-d20-k16-v4194304,38,1,single_reap,20,16,4194304,read_640,28,21,0,20,0
main,ablate-r1-single_reap-v2-d20-k16-v4194304,38,1,single_reap,20,16,4194304,read_2560,28,21,0,20,0
main,ablate-r1-no_defer_taskrun-v2-d20-k16-v4194304,39,1,no_defer_taskrun,20,16,4194304,setup_and_write,20,21,0,20,0
main,ablate-r1-no_defer_taskrun-v2-d20-k16-v4194304,39,1,no_defer_taskrun,20,16,4194304,verify,3,21,0,20,0
main,ablate-r1-no_defer_taskrun-v2-d20-k16-v4194304,39,1,no_defer_taskrun,20,16,4194304,read_160,27,21,0,20,0
main,ablate-r1-no_defer_taskrun-v2-d20-k16-v4194304,39,1,no_defer_taskrun,20,16,4194304,read_640,28,21,0,20,0
main,ablate-r1-no_defer_taskrun-v2-d20-k16-v4194304,39,1,no_defer_taskrun,20,16,4194304,read_2560,29,21,0,20,0
main,ablate-r1-reuse_encoded_metadata-v2-d20-k16-v4194304,40,1,reuse_encoded_metadata,20,16,4194304,setup_and_write,20,21,0,20,0
main,ablate-r1-reuse_encoded_metadata-v2-d20-k16-v4194304,40,1,reuse_encoded_metadata,20,16,4194304,verify,3,21,0,20,0
main,ablate-r1-reuse_encoded_metadata-v2-d20-k16-v4194304,40,1,reuse_encoded_metadata,20,16,4194304,read_160,27,21,0,20,0
main,ablate-r1-reuse_encoded_metadata-v2-d20-k16-v4194304,40,1,reuse_encoded_metadata,20,16,4194304,read_640,28,21,0,20,0
main,ablate-r1-reuse_encoded_metadata-v2-d20-k16-v4194304,40,1,reuse_encoded_metadata,20,16,4194304,read_2560,29,21,0,20,0
main,ablate-r1-no_registered_buffers-v2-d20-k16-v4194304,41,1,no_registered_buffers,20,16,4194304,setup_and_write,18,21,0,20,0
main,ablate-r1-no_registered_buffers-v2-d20-k16-v4194304,41,1,no_registered_buffers,20,16,4194304,verify,3,21,0,20,0
main,ablate-r1-no_registered_buffers-v2-d20-k16-v4194304,41,1,no_registered_buffers,20,16,4194304,read_160,28,21,0,20,0
main,ablate-r1-no_registered_buffers-v2-d20-k16-v4194304,41,1,no_registered_buffers,20,16,4194304,read_640,28,21,0,20,0
main,ablate-r1-no_registered_buffers-v2-d20-k16-v4194304,41,1,no_registered_buffers,20,16,4194304,read_2560,28,21,0,20,0
main,ablate-r1-no_huge_pages-v2-d20-k16-v4194304,42,1,no_huge_pages,20,16,4194304,setup_and_write,22,21,0,20,0
main,ablate-r1-no_huge_pages-v2-d20-k16-v4194304,42,1,no_huge_pages,20,16,4194304,verify,2,21,0,20,0
main,ablate-r1-no_huge_pages-v2-d20-k16-v4194304,42,1,no_huge_pages,20,16,4194304,read_160,28,21,0,20,0
main,ablate-r1-no_huge_pages-v2-d20-k16-v4194304,42,1,no_huge_pages,20,16,4194304,read_640,28,21,0,20,0
main,ablate-r1-no_huge_pages-v2-d20-k16-v4194304,42,1,no_huge_pages,20,16,4194304,read_2560,28,21,0,20,0
main,ablate-r1-no_huge_pages-v2-d20-k16-v4194304,42,1,no_huge_pages,20,16,4194304,close,2,21,0,1,0
main,ablate-r1-no_registered_files-v2-d20-k16-v4194304,43,1,no_registered_files,20,16,4194304,setup_and_write,20,21,0,20,0
main,ablate-r1-no_registered_files-v2-d20-k16-v4194304,43,1,no_registered_files,20,16,4194304,verify,3,21,0,20,0
main,ablate-r1-no_registered_files-v2-d20-k16-v4194304,43,1,no_registered_files,20,16,4194304,read_160,28,21,0,20,0
main,ablate-r1-no_registered_files-v2-d20-k16-v4194304,43,1,no_registered_files,20,16,4194304,read_640,28,21,0,20,0
main,ablate-r1-no_registered_files-v2-d20-k16-v4194304,43,1,no_registered_files,20,16,4194304,read_2560,28,21,0,20,0
main,ablate-r1-kernel_split-v2-d20-k16-v4194304,44,1,kernel_split,20,16,4194304,setup_and_write,20,41,20,22,3
main,ablate-r1-kernel_split-v2-d20-k16-v4194304,44,1,kernel_split,20,16,4194304,verify,3,2017,1996,107,87
main,ablate-r1-kernel_split-v2-d20-k16-v4194304,44,1,kernel_split,20,16,4194304,read_160,26,2223,2202,28,8
main,ablate-r1-kernel_split-v2-d20-k16-v4194304,44,1,kernel_split,20,16,4194304,read_640,28,41,20,31,11
main,ablate-r1-kernel_split-v2-d20-k16-v4194304,44,1,kernel_split,20,16,4194304,read_2560,24,5141,5120,137,117
main,ablate-r1-control_after-v2-d20-k16-v4194304,45,1,control_after,20,16,4194304,setup_and_write,20,21,0,20,0
main,ablate-r1-control_after-v2-d20-k16-v4194304,45,1,control_after,20,16,4194304,verify,3,21,0,20,0
main,ablate-r1-control_after-v2-d20-k16-v4194304,45,1,control_after,20,16,4194304,read_160,28,21,0,20,0
main,ablate-r1-control_after-v2-d20-k16-v4194304,45,1,control_after,20,16,4194304,read_640,28,21,0,20,0
main,ablate-r1-control_after-v2-d20-k16-v4194304,45,1,control_after,20,16,4194304,read_2560,28,21,0,20,0
main,ablate-r2-control_before-v2-d20-k16-v100,46,2,control_before,20,16,100,setup_and_write,6,19,0,1,0
main,ablate-r2-control_before-v2-d20-k16-v100,46,2,control_before,20,16,100,verify,2,21,0,20,0
main,ablate-r2-control_before-v2-d20-k16-v100,46,2,control_before,20,16,100,read_640,28,21,0,20,0
main,ablate-r2-control_before-v2-d20-k16-v100,46,2,control_before,20,16,100,close,1,18,0,1,0
main,ablate-r2-kernel_split-v2-d20-k16-v100,47,2,kernel_split,20,16,100,setup_and_write,6,18,0,1,0
main,ablate-r2-kernel_split-v2-d20-k16-v100,47,2,kernel_split,20,16,100,verify,2,21,0,20,0
main,ablate-r2-kernel_split-v2-d20-k16-v100,47,2,kernel_split,20,16,100,read_640,28,21,0,20,0
main,ablate-r2-kernel_split-v2-d20-k16-v100,47,2,kernel_split,20,16,100,close,1,18,0,1,0
main,ablate-r2-no_huge_pages-v2-d20-k16-v100,48,2,no_huge_pages,20,16,100,setup_and_write,8,21,0,1,0
main,ablate-r2-no_huge_pages-v2-d20-k16-v100,48,2,no_huge_pages,20,16,100,verify,1,21,0,20,0
main,ablate-r2-no_huge_pages-v2-d20-k16-v100,48,2,no_huge_pages,20,16,100,read_640,28,21,0,20,0
main,ablate-r2-no_huge_pages-v2-d20-k16-v100,48,2,no_huge_pages,20,16,100,close,2,21,0,2,0
main,ablate-r2-no_registered_files-v2-d20-k16-v100,49,2,no_registered_files,20,16,100,setup_and_write,6,19,0,1,0
main,ablate-r2-no_registered_files-v2-d20-k16-v100,49,2,no_registered_files,20,16,100,verify,2,21,0,20,0
main,ablate-r2-no_registered_files-v2-d20-k16-v100,49,2,no_registered_files,20,16,100,read_640,28,21,0,20,0
main,ablate-r2-no_registered_files-v2-d20-k16-v100,49,2,no_registered_files,20,16,100,close,1,14,0,1,0
main,ablate-r2-reuse_encoded_metadata-v2-d20-k16-v100,50,2,reuse_encoded_metadata,20,16,100,setup_and_write,6,19,0,1,0
main,ablate-r2-reuse_encoded_metadata-v2-d20-k16-v100,50,2,reuse_encoded_metadata,20,16,100,verify,2,21,0,20,0
main,ablate-r2-reuse_encoded_metadata-v2-d20-k16-v100,50,2,reuse_encoded_metadata,20,16,100,read_640,28,21,0,20,0
main,ablate-r2-reuse_encoded_metadata-v2-d20-k16-v100,50,2,reuse_encoded_metadata,20,16,100,close,1,17,0,1,0
main,ablate-r2-no_registered_buffers-v2-d20-k16-v100,51,2,no_registered_buffers,20,16,100,setup_and_write,4,15,0,1,0
main,ablate-r2-no_registered_buffers-v2-d20-k16-v100,51,2,no_registered_buffers,20,16,100,verify,2,21,0,20,0
main,ablate-r2-no_registered_buffers-v2-d20-k16-v100,51,2,no_registered_buffers,20,16,100,read_640,28,21,0,20,0
main,ablate-r2-no_registered_buffers-v2-d20-k16-v100,51,2,no_registered_buffers,20,16,100,close,1,14,0,1,0
main,ablate-r2-single_reap-v2-d20-k16-v100,52,2,single_reap,20,16,100,setup_and_write,6,18,0,1,0
main,ablate-r2-single_reap-v2-d20-k16-v100,52,2,single_reap,20,16,100,verify,2,21,0,20,0
main,ablate-r2-single_reap-v2-d20-k16-v100,52,2,single_reap,20,16,100,read_640,28,21,0,20,0
main,ablate-r2-single_reap-v2-d20-k16-v100,52,2,single_reap,20,16,100,close,1,15,0,1,0
main,ablate-r2-no_defer_taskrun-v2-d20-k16-v100,53,2,no_defer_taskrun,20,16,100,setup_and_write,6,19,0,1,0
main,ablate-r2-no_defer_taskrun-v2-d20-k16-v100,53,2,no_defer_taskrun,20,16,100,verify,2,21,0,20,0
main,ablate-r2-no_defer_taskrun-v2-d20-k16-v100,53,2,no_defer_taskrun,20,16,100,read_640,28,21,0,20,0
main,ablate-r2-no_defer_taskrun-v2-d20-k16-v100,53,2,no_defer_taskrun,20,16,100,close,1,17,0,1,0
main,ablate-r2-control_after-v2-d20-k16-v100,54,2,control_after,20,16,100,setup_and_write,6,19,0,1,0
main,ablate-r2-control_after-v2-d20-k16-v100,54,2,control_after,20,16,100,verify,2,21,0,20,0
main,ablate-r2-control_after-v2-d20-k16-v100,54,2,control_after,20,16,100,read_640,28,21,0,20,0
main,ablate-r2-control_after-v2-d20-k16-v100,54,2,control_after,20,16,100,close,1,18,0,1,0
main,ablate-r2-control_before-v2-d20-k16-v1024,55,2,control_before,20,16,1024,setup_and_write,6,19,0,1,0
main,ablate-r2-control_before-v2-d20-k16-v1024,55,2,control_before,20,16,1024,verify,2,21,0,20,0
main,ablate-r2-control_before-v2-d20-k16-v1024,55,2,control_before,20,16,1024,read_640,27,21,0,20,0
main,ablate-r2-control_before-v2-d20-k16-v1024,55,2,control_before,20,16,1024,close,1,21,0,4,0
main,ablate-r2-no_registered_buffers-v2-d20-k16-v1024,56,2,no_registered_buffers,20,16,1024,setup_and_write,4,15,0,1,0
main,ablate-r2-no_registered_buffers-v2-d20-k16-v1024,56,2,no_registered_buffers,20,16,1024,verify,1,21,0,20,0
main,ablate-r2-no_registered_buffers-v2-d20-k16-v1024,56,2,no_registered_buffers,20,16,1024,read_640,28,21,0,20,0
main,ablate-r2-no_registered_buffers-v2-d20-k16-v1024,56,2,no_registered_buffers,20,16,1024,close,1,13,0,11,0
main,ablate-r2-reuse_encoded_metadata-v2-d20-k16-v1024,57,2,reuse_encoded_metadata,20,16,1024,setup_and_write,6,19,0,1,0
main,ablate-r2-reuse_encoded_metadata-v2-d20-k16-v1024,57,2,reuse_encoded_metadata,20,16,1024,verify,2,21,0,20,0
main,ablate-r2-reuse_encoded_metadata-v2-d20-k16-v1024,57,2,reuse_encoded_metadata,20,16,1024,read_640,27,21,0,20,0
main,ablate-r2-reuse_encoded_metadata-v2-d20-k16-v1024,57,2,reuse_encoded_metadata,20,16,1024,close,1,21,0,19,0
main,ablate-r2-kernel_split-v2-d20-k16-v1024,58,2,kernel_split,20,16,1024,setup_and_write,6,19,0,1,0
main,ablate-r2-kernel_split-v2-d20-k16-v1024,58,2,kernel_split,20,16,1024,verify,2,21,0,20,0
main,ablate-r2-kernel_split-v2-d20-k16-v1024,58,2,kernel_split,20,16,1024,read_640,28,21,0,20,0
main,ablate-r2-no_defer_taskrun-v2-d20-k16-v1024,59,2,no_defer_taskrun,20,16,1024,setup_and_write,6,18,0,1,0
main,ablate-r2-no_defer_taskrun-v2-d20-k16-v1024,59,2,no_defer_taskrun,20,16,1024,verify,2,21,0,20,0
main,ablate-r2-no_defer_taskrun-v2-d20-k16-v1024,59,2,no_defer_taskrun,20,16,1024,read_640,27,21,0,20,0
main,ablate-r2-no_defer_taskrun-v2-d20-k16-v1024,59,2,no_defer_taskrun,20,16,1024,close,1,21,0,2,0
main,ablate-r2-single_reap-v2-d20-k16-v1024,60,2,single_reap,20,16,1024,setup_and_write,6,19,0,1,0
main,ablate-r2-single_reap-v2-d20-k16-v1024,60,2,single_reap,20,16,1024,verify,2,21,0,20,0
main,ablate-r2-single_reap-v2-d20-k16-v1024,60,2,single_reap,20,16,1024,read_640,27,21,0,20,0
main,ablate-r2-single_reap-v2-d20-k16-v1024,60,2,single_reap,20,16,1024,close,1,21,0,3,0
main,ablate-r2-no_huge_pages-v2-d20-k16-v1024,61,2,no_huge_pages,20,16,1024,setup_and_write,8,21,0,20,0
main,ablate-r2-no_huge_pages-v2-d20-k16-v1024,61,2,no_huge_pages,20,16,1024,verify,1,21,0,20,0
main,ablate-r2-no_huge_pages-v2-d20-k16-v1024,61,2,no_huge_pages,20,16,1024,read_640,28,21,0,20,0
main,ablate-r2-no_huge_pages-v2-d20-k16-v1024,61,2,no_huge_pages,20,16,1024,close,2,21,0,2,0
main,ablate-r2-no_registered_files-v2-d20-k16-v1024,62,2,no_registered_files,20,16,1024,setup_and_write,6,19,0,1,0
main,ablate-r2-no_registered_files-v2-d20-k16-v1024,62,2,no_registered_files,20,16,1024,verify,2,21,0,20,0
main,ablate-r2-no_registered_files-v2-d20-k16-v1024,62,2,no_registered_files,20,16,1024,read_640,27,21,0,20,0
main,ablate-r2-no_registered_files-v2-d20-k16-v1024,62,2,no_registered_files,20,16,1024,close,1,21,0,2,0
main,ablate-r2-control_after-v2-d20-k16-v1024,63,2,control_after,20,16,1024,setup_and_write,6,19,0,1,0
main,ablate-r2-control_after-v2-d20-k16-v1024,63,2,control_after,20,16,1024,verify,2,21,0,20,0
main,ablate-r2-control_after-v2-d20-k16-v1024,63,2,control_after,20,16,1024,read_640,27,21,0,20,0
main,ablate-r2-control_after-v2-d20-k16-v1024,63,2,control_after,20,16,1024,close,1,21,0,4,0
main,ablate-r2-control_before-v2-d20-k16-v4096,64,2,control_before,20,16,4096,setup_and_write,6,19,0,1,0
main,ablate-r2-control_before-v2-d20-k16-v4096,64,2,control_before,20,16,4096,verify,2,21,0,20,0
main,ablate-r2-control_before-v2-d20-k16-v4096,64,2,control_before,20,16,4096,read_640,28,21,0,20,0
main,ablate-r2-control_before-v2-d20-k16-v4096,64,2,control_before,20,16,4096,close,1,19,0,1,0
main,ablate-r2-no_huge_pages-v2-d20-k16-v4096,65,2,no_huge_pages,20,16,4096,setup_and_write,8,21,0,20,0
main,ablate-r2-no_huge_pages-v2-d20-k16-v4096,65,2,no_huge_pages,20,16,4096,verify,1,21,0,20,0
main,ablate-r2-no_huge_pages-v2-d20-k16-v4096,65,2,no_huge_pages,20,16,4096,read_640,28,21,0,20,0
main,ablate-r2-no_huge_pages-v2-d20-k16-v4096,65,2,no_huge_pages,20,16,4096,close,3,21,0,1,0
main,ablate-r2-reuse_encoded_metadata-v2-d20-k16-v4096,66,2,reuse_encoded_metadata,20,16,4096,setup_and_write,6,19,0,1,0
main,ablate-r2-reuse_encoded_metadata-v2-d20-k16-v4096,66,2,reuse_encoded_metadata,20,16,4096,verify,2,21,0,20,0
main,ablate-r2-reuse_encoded_metadata-v2-d20-k16-v4096,66,2,reuse_encoded_metadata,20,16,4096,read_640,28,21,0,20,0
main,ablate-r2-reuse_encoded_metadata-v2-d20-k16-v4096,66,2,reuse_encoded_metadata,20,16,4096,close,1,17,0,1,0
main,ablate-r2-single_reap-v2-d20-k16-v4096,67,2,single_reap,20,16,4096,setup_and_write,6,19,0,1,0
main,ablate-r2-single_reap-v2-d20-k16-v4096,67,2,single_reap,20,16,4096,verify,2,21,0,20,0
main,ablate-r2-single_reap-v2-d20-k16-v4096,67,2,single_reap,20,16,4096,read_640,28,21,0,20,0
main,ablate-r2-single_reap-v2-d20-k16-v4096,67,2,single_reap,20,16,4096,close,1,16,0,1,0
main,ablate-r2-no_defer_taskrun-v2-d20-k16-v4096,68,2,no_defer_taskrun,20,16,4096,setup_and_write,6,19,0,1,0
main,ablate-r2-no_defer_taskrun-v2-d20-k16-v4096,68,2,no_defer_taskrun,20,16,4096,verify,2,21,0,20,0
main,ablate-r2-no_defer_taskrun-v2-d20-k16-v4096,68,2,no_defer_taskrun,20,16,4096,read_640,28,21,0,20,0
main,ablate-r2-no_defer_taskrun-v2-d20-k16-v4096,68,2,no_defer_taskrun,20,16,4096,close,1,17,0,1,0
main,ablate-r2-no_registered_files-v2-d20-k16-v4096,69,2,no_registered_files,20,16,4096,setup_and_write,6,19,0,1,0
main,ablate-r2-no_registered_files-v2-d20-k16-v4096,69,2,no_registered_files,20,16,4096,verify,2,21,0,20,0
main,ablate-r2-no_registered_files-v2-d20-k16-v4096,69,2,no_registered_files,20,16,4096,read_640,28,21,0,20,0
main,ablate-r2-no_registered_files-v2-d20-k16-v4096,69,2,no_registered_files,20,16,4096,close,1,1,0,1,0
main,ablate-r2-kernel_split-v2-d20-k16-v4096,70,2,kernel_split,20,16,4096,setup_and_write,6,19,0,1,0
main,ablate-r2-kernel_split-v2-d20-k16-v4096,70,2,kernel_split,20,16,4096,verify,2,41,20,20,0
main,ablate-r2-kernel_split-v2-d20-k16-v4096,70,2,kernel_split,20,16,4096,read_640,28,41,20,20,0
main,ablate-r2-kernel_split-v2-d20-k16-v4096,70,2,kernel_split,20,16,4096,close,1,35,17,1,0
main,ablate-r2-no_registered_buffers-v2-d20-k16-v4096,71,2,no_registered_buffers,20,16,4096,setup_and_write,4,16,0,1,0
main,ablate-r2-no_registered_buffers-v2-d20-k16-v4096,71,2,no_registered_buffers,20,16,4096,verify,2,21,0,20,0
main,ablate-r2-no_registered_buffers-v2-d20-k16-v4096,71,2,no_registered_buffers,20,16,4096,read_640,28,21,0,20,0
main,ablate-r2-control_after-v2-d20-k16-v4096,72,2,control_after,20,16,4096,setup_and_write,6,19,0,1,0
main,ablate-r2-control_after-v2-d20-k16-v4096,72,2,control_after,20,16,4096,verify,2,21,0,20,0
main,ablate-r2-control_after-v2-d20-k16-v4096,72,2,control_after,20,16,4096,read_640,28,21,0,20,0
main,ablate-r2-control_after-v2-d20-k16-v4096,72,2,control_after,20,16,4096,close,1,20,0,1,0
main,ablate-r2-control_before-v2-d20-k16-v65536,73,2,control_before,20,16,65536,setup_and_write,5,21,0,15,0
main,ablate-r2-control_before-v2-d20-k16-v65536,73,2,control_before,20,16,65536,read_640,28,21,0,20,0
main,ablate-r2-no_registered_files-v2-d20-k16-v65536,74,2,no_registered_files,20,16,65536,setup_and_write,5,21,0,16,0
main,ablate-r2-no_registered_files-v2-d20-k16-v65536,74,2,no_registered_files,20,16,65536,read_640,28,21,0,20,0
main,ablate-r2-single_reap-v2-d20-k16-v65536,75,2,single_reap,20,16,65536,setup_and_write,5,21,0,16,0
main,ablate-r2-single_reap-v2-d20-k16-v65536,75,2,single_reap,20,16,65536,read_640,28,21,0,20,0
main,ablate-r2-no_huge_pages-v2-d20-k16-v65536,76,2,no_huge_pages,20,16,65536,setup_and_write,6,21,0,20,0
main,ablate-r2-no_huge_pages-v2-d20-k16-v65536,76,2,no_huge_pages,20,16,65536,read_640,28,21,0,20,0
main,ablate-r2-no_huge_pages-v2-d20-k16-v65536,76,2,no_huge_pages,20,16,65536,close,2,21,0,1,0
main,ablate-r2-no_defer_taskrun-v2-d20-k16-v65536,77,2,no_defer_taskrun,20,16,65536,setup_and_write,5,21,0,16,0
main,ablate-r2-no_defer_taskrun-v2-d20-k16-v65536,77,2,no_defer_taskrun,20,16,65536,read_640,28,21,0,20,0
main,ablate-r2-reuse_encoded_metadata-v2-d20-k16-v65536,78,2,reuse_encoded_metadata,20,16,65536,setup_and_write,5,21,0,16,0
main,ablate-r2-reuse_encoded_metadata-v2-d20-k16-v65536,78,2,reuse_encoded_metadata,20,16,65536,read_640,28,21,0,20,0
main,ablate-r2-kernel_split-v2-d20-k16-v65536,79,2,kernel_split,20,16,65536,setup_and_write,5,21,0,16,0
main,ablate-r2-kernel_split-v2-d20-k16-v65536,79,2,kernel_split,20,16,65536,read_640,28,21,0,20,0
main,ablate-r2-no_registered_buffers-v2-d20-k16-v65536,80,2,no_registered_buffers,20,16,65536,setup_and_write,3,21,0,20,0
main,ablate-r2-no_registered_buffers-v2-d20-k16-v65536,80,2,no_registered_buffers,20,16,65536,read_640,28,21,0,20,0
main,ablate-r2-control_after-v2-d20-k16-v65536,81,2,control_after,20,16,65536,setup_and_write,5,21,0,16,0
main,ablate-r2-control_after-v2-d20-k16-v65536,81,2,control_after,20,16,65536,read_640,28,21,0,20,0
main,ablate-r2-control_before-v2-d20-k16-v4194304,82,2,control_before,20,16,4194304,setup_and_write,20,21,0,20,0
main,ablate-r2-control_before-v2-d20-k16-v4194304,82,2,control_before,20,16,4194304,verify,3,21,0,20,0
main,ablate-r2-control_before-v2-d20-k16-v4194304,82,2,control_before,20,16,4194304,read_640,28,21,0,20,0
main,ablate-r2-reuse_encoded_metadata-v2-d20-k16-v4194304,83,2,reuse_encoded_metadata,20,16,4194304,setup_and_write,20,21,0,20,0
main,ablate-r2-reuse_encoded_metadata-v2-d20-k16-v4194304,83,2,reuse_encoded_metadata,20,16,4194304,verify,3,21,0,20,0
main,ablate-r2-reuse_encoded_metadata-v2-d20-k16-v4194304,83,2,reuse_encoded_metadata,20,16,4194304,read_640,28,21,0,20,0
main,ablate-r2-no_huge_pages-v2-d20-k16-v4194304,84,2,no_huge_pages,20,16,4194304,setup_and_write,22,21,0,20,0
main,ablate-r2-no_huge_pages-v2-d20-k16-v4194304,84,2,no_huge_pages,20,16,4194304,verify,3,21,0,20,0
main,ablate-r2-no_huge_pages-v2-d20-k16-v4194304,84,2,no_huge_pages,20,16,4194304,read_640,27,21,0,20,0
main,ablate-r2-no_huge_pages-v2-d20-k16-v4194304,84,2,no_huge_pages,20,16,4194304,close,1,21,0,1,0
main,ablate-r2-no_registered_files-v2-d20-k16-v4194304,85,2,no_registered_files,20,16,4194304,setup_and_write,20,25,4,20,0
main,ablate-r2-no_registered_files-v2-d20-k16-v4194304,85,2,no_registered_files,20,16,4194304,verify,3,25,4,20,0
main,ablate-r2-no_registered_files-v2-d20-k16-v4194304,85,2,no_registered_files,20,16,4194304,read_640,28,25,4,20,0
main,ablate-r2-no_registered_buffers-v2-d20-k16-v4194304,86,2,no_registered_buffers,20,16,4194304,setup_and_write,19,21,0,20,0
main,ablate-r2-no_registered_buffers-v2-d20-k16-v4194304,86,2,no_registered_buffers,20,16,4194304,verify,2,21,0,20,0
main,ablate-r2-no_registered_buffers-v2-d20-k16-v4194304,86,2,no_registered_buffers,20,16,4194304,read_640,28,21,0,20,0
main,ablate-r2-no_registered_buffers-v2-d20-k16-v4194304,86,2,no_registered_buffers,20,16,4194304,close,1,21,0,1,0
main,ablate-r2-kernel_split-v2-d20-k16-v4194304,87,2,kernel_split,20,16,4194304,setup_and_write,20,41,20,23,3
main,ablate-r2-kernel_split-v2-d20-k16-v4194304,87,2,kernel_split,20,16,4194304,verify,3,2107,2086,94,74
main,ablate-r2-kernel_split-v2-d20-k16-v4194304,87,2,kernel_split,20,16,4194304,read_640,26,2250,2229,32,12
main,ablate-r2-single_reap-v2-d20-k16-v4194304,88,2,single_reap,20,16,4194304,setup_and_write,20,21,0,20,0
main,ablate-r2-single_reap-v2-d20-k16-v4194304,88,2,single_reap,20,16,4194304,verify,3,21,0,20,0
main,ablate-r2-single_reap-v2-d20-k16-v4194304,88,2,single_reap,20,16,4194304,read_640,28,21,0,20,0
main,ablate-r2-no_defer_taskrun-v2-d20-k16-v4194304,89,2,no_defer_taskrun,20,16,4194304,setup_and_write,20,21,0,20,0
main,ablate-r2-no_defer_taskrun-v2-d20-k16-v4194304,89,2,no_defer_taskrun,20,16,4194304,verify,2,21,0,20,0
main,ablate-r2-no_defer_taskrun-v2-d20-k16-v4194304,89,2,no_defer_taskrun,20,16,4194304,read_640,28,21,0,20,0
main,ablate-r2-control_after-v2-d20-k16-v4194304,90,2,control_after,20,16,4194304,setup_and_write,20,21,0,20,0
main,ablate-r2-control_after-v2-d20-k16-v4194304,90,2,control_after,20,16,4194304,verify,3,21,0,20,0
main,ablate-r2-control_after-v2-d20-k16-v4194304,90,2,control_after,20,16,4194304,read_640,28,21,0,20,0
main,ablate-r3-control_before-v2-d20-k16-v100,91,3,control_before,20,16,100,setup_and_write,6,19,0,1,0
main,ablate-r3-control_before-v2-d20-k16-v100,91,3,control_before,20,16,100,verify,2,21,0,20,0
main,ablate-r3-control_before-v2-d20-k16-v100,91,3,control_before,20,16,100,read_640,28,21,0,20,0
main,ablate-r3-control_before-v2-d20-k16-v100,91,3,control_before,20,16,100,close,1,17,0,7,0
main,ablate-r3-reuse_encoded_metadata-v2-d20-k16-v100,92,3,reuse_encoded_metadata,20,16,100,setup_and_write,6,19,0,1,0
main,ablate-r3-reuse_encoded_metadata-v2-d20-k16-v100,92,3,reuse_encoded_metadata,20,16,100,verify,2,21,0,20,0
main,ablate-r3-reuse_encoded_metadata-v2-d20-k16-v100,92,3,reuse_encoded_metadata,20,16,100,read_640,28,21,0,20,0
main,ablate-r3-reuse_encoded_metadata-v2-d20-k16-v100,92,3,reuse_encoded_metadata,20,16,100,close,1,15,0,1,0
main,ablate-r3-no_registered_buffers-v2-d20-k16-v100,93,3,no_registered_buffers,20,16,100,setup_and_write,4,15,0,1,0
main,ablate-r3-no_registered_buffers-v2-d20-k16-v100,93,3,no_registered_buffers,20,16,100,verify,2,21,0,20,0
main,ablate-r3-no_registered_buffers-v2-d20-k16-v100,93,3,no_registered_buffers,20,16,100,read_640,28,21,0,20,0
main,ablate-r3-single_reap-v2-d20-k16-v100,94,3,single_reap,20,16,100,setup_and_write,6,18,0,1,0
main,ablate-r3-single_reap-v2-d20-k16-v100,94,3,single_reap,20,16,100,verify,2,21,0,20,0
main,ablate-r3-single_reap-v2-d20-k16-v100,94,3,single_reap,20,16,100,read_640,28,21,0,20,0
main,ablate-r3-single_reap-v2-d20-k16-v100,94,3,single_reap,20,16,100,close,1,15,0,1,0
main,ablate-r3-kernel_split-v2-d20-k16-v100,95,3,kernel_split,20,16,100,setup_and_write,6,19,0,1,0
main,ablate-r3-kernel_split-v2-d20-k16-v100,95,3,kernel_split,20,16,100,verify,2,21,0,20,0
main,ablate-r3-kernel_split-v2-d20-k16-v100,95,3,kernel_split,20,16,100,read_640,28,21,0,20,0
main,ablate-r3-kernel_split-v2-d20-k16-v100,95,3,kernel_split,20,16,100,close,1,16,0,1,0
main,ablate-r3-no_defer_taskrun-v2-d20-k16-v100,96,3,no_defer_taskrun,20,16,100,setup_and_write,6,19,0,1,0
main,ablate-r3-no_defer_taskrun-v2-d20-k16-v100,96,3,no_defer_taskrun,20,16,100,verify,2,21,0,20,0
main,ablate-r3-no_defer_taskrun-v2-d20-k16-v100,96,3,no_defer_taskrun,20,16,100,read_640,28,21,0,20,0
main,ablate-r3-no_defer_taskrun-v2-d20-k16-v100,96,3,no_defer_taskrun,20,16,100,close,1,16,0,1,0
main,ablate-r3-no_registered_files-v2-d20-k16-v100,97,3,no_registered_files,20,16,100,setup_and_write,6,18,0,1,0
main,ablate-r3-no_registered_files-v2-d20-k16-v100,97,3,no_registered_files,20,16,100,verify,2,21,0,20,0
main,ablate-r3-no_registered_files-v2-d20-k16-v100,97,3,no_registered_files,20,16,100,read_640,28,21,0,20,0
main,ablate-r3-no_registered_files-v2-d20-k16-v100,97,3,no_registered_files,20,16,100,close,1,14,0,1,0
main,ablate-r3-no_huge_pages-v2-d20-k16-v100,98,3,no_huge_pages,20,16,100,setup_and_write,8,21,0,20,0
main,ablate-r3-no_huge_pages-v2-d20-k16-v100,98,3,no_huge_pages,20,16,100,verify,1,21,0,20,0
main,ablate-r3-no_huge_pages-v2-d20-k16-v100,98,3,no_huge_pages,20,16,100,read_640,28,21,0,20,0
main,ablate-r3-no_huge_pages-v2-d20-k16-v100,98,3,no_huge_pages,20,16,100,close,2,21,0,2,0
main,ablate-r3-control_after-v2-d20-k16-v100,99,3,control_after,20,16,100,setup_and_write,6,19,0,1,0
main,ablate-r3-control_after-v2-d20-k16-v100,99,3,control_after,20,16,100,verify,2,21,0,20,0
main,ablate-r3-control_after-v2-d20-k16-v100,99,3,control_after,20,16,100,read_640,28,21,0,20,0
main,ablate-r3-control_after-v2-d20-k16-v100,99,3,control_after,20,16,100,close,1,17,0,1,0
main,ablate-r3-control_before-v2-d20-k16-v1024,100,3,control_before,20,16,1024,setup_and_write,6,19,0,1,0
main,ablate-r3-control_before-v2-d20-k16-v1024,100,3,control_before,20,16,1024,verify,2,21,0,20,0
main,ablate-r3-control_before-v2-d20-k16-v1024,100,3,control_before,20,16,1024,read_640,27,21,0,20,0
main,ablate-r3-control_before-v2-d20-k16-v1024,100,3,control_before,20,16,1024,close,1,21,0,3,0
main,ablate-r3-no_registered_files-v2-d20-k16-v1024,101,3,no_registered_files,20,16,1024,setup_and_write,6,19,0,1,0
main,ablate-r3-no_registered_files-v2-d20-k16-v1024,101,3,no_registered_files,20,16,1024,verify,2,21,0,20,0
main,ablate-r3-no_registered_files-v2-d20-k16-v1024,101,3,no_registered_files,20,16,1024,read_640,27,21,0,20,0
main,ablate-r3-no_registered_files-v2-d20-k16-v1024,101,3,no_registered_files,20,16,1024,close,1,21,0,1,0
main,ablate-r3-no_registered_buffers-v2-d20-k16-v1024,102,3,no_registered_buffers,20,16,1024,setup_and_write,4,15,0,1,0
main,ablate-r3-no_registered_buffers-v2-d20-k16-v1024,102,3,no_registered_buffers,20,16,1024,verify,1,21,0,20,0
main,ablate-r3-no_registered_buffers-v2-d20-k16-v1024,102,3,no_registered_buffers,20,16,1024,read_640,28,21,0,20,0
main,ablate-r3-no_registered_buffers-v2-d20-k16-v1024,102,3,no_registered_buffers,20,16,1024,close,1,15,0,9,0
main,ablate-r3-reuse_encoded_metadata-v2-d20-k16-v1024,103,3,reuse_encoded_metadata,20,16,1024,setup_and_write,6,19,0,1,0
main,ablate-r3-reuse_encoded_metadata-v2-d20-k16-v1024,103,3,reuse_encoded_metadata,20,16,1024,verify,1,21,0,20,0
main,ablate-r3-reuse_encoded_metadata-v2-d20-k16-v1024,103,3,reuse_encoded_metadata,20,16,1024,read_640,28,21,0,20,0
main,ablate-r3-reuse_encoded_metadata-v2-d20-k16-v1024,103,3,reuse_encoded_metadata,20,16,1024,close,1,21,0,7,0
main,ablate-r3-single_reap-v2-d20-k16-v1024,104,3,single_reap,20,16,1024,setup_and_write,6,18,0,1,0
main,ablate-r3-single_reap-v2-d20-k16-v1024,104,3,single_reap,20,16,1024,verify,2,21,0,20,0
main,ablate-r3-single_reap-v2-d20-k16-v1024,104,3,single_reap,20,16,1024,read_640,27,21,0,20,0
main,ablate-r3-single_reap-v2-d20-k16-v1024,104,3,single_reap,20,16,1024,close,1,21,0,1,0
main,ablate-r3-no_huge_pages-v2-d20-k16-v1024,105,3,no_huge_pages,20,16,1024,setup_and_write,8,21,0,20,0
main,ablate-r3-no_huge_pages-v2-d20-k16-v1024,105,3,no_huge_pages,20,16,1024,verify,1,21,0,20,0
main,ablate-r3-no_huge_pages-v2-d20-k16-v1024,105,3,no_huge_pages,20,16,1024,read_640,28,21,0,20,0
main,ablate-r3-no_huge_pages-v2-d20-k16-v1024,105,3,no_huge_pages,20,16,1024,close,2,20,0,1,0
main,ablate-r3-kernel_split-v2-d20-k16-v1024,106,3,kernel_split,20,16,1024,setup_and_write,6,19,0,1,0
main,ablate-r3-kernel_split-v2-d20-k16-v1024,106,3,kernel_split,20,16,1024,verify,2,21,0,20,0
main,ablate-r3-kernel_split-v2-d20-k16-v1024,106,3,kernel_split,20,16,1024,read_640,27,21,0,20,0
main,ablate-r3-kernel_split-v2-d20-k16-v1024,106,3,kernel_split,20,16,1024,close,1,21,0,20,0
main,ablate-r3-no_defer_taskrun-v2-d20-k16-v1024,107,3,no_defer_taskrun,20,16,1024,setup_and_write,6,19,0,1,0
main,ablate-r3-no_defer_taskrun-v2-d20-k16-v1024,107,3,no_defer_taskrun,20,16,1024,verify,2,21,0,20,0
main,ablate-r3-no_defer_taskrun-v2-d20-k16-v1024,107,3,no_defer_taskrun,20,16,1024,read_640,27,21,0,20,0
main,ablate-r3-no_defer_taskrun-v2-d20-k16-v1024,107,3,no_defer_taskrun,20,16,1024,close,2,21,0,4,0
main,ablate-r3-control_after-v2-d20-k16-v1024,108,3,control_after,20,16,1024,setup_and_write,6,18,0,1,0
main,ablate-r3-control_after-v2-d20-k16-v1024,108,3,control_after,20,16,1024,verify,2,21,0,20,0
main,ablate-r3-control_after-v2-d20-k16-v1024,108,3,control_after,20,16,1024,read_640,27,21,0,20,0
main,ablate-r3-control_after-v2-d20-k16-v1024,108,3,control_after,20,16,1024,close,1,21,0,1,0
main,ablate-r3-control_before-v2-d20-k16-v4096,109,3,control_before,20,16,4096,setup_and_write,6,19,0,1,0
main,ablate-r3-control_before-v2-d20-k16-v4096,109,3,control_before,20,16,4096,verify,2,21,0,20,0
main,ablate-r3-control_before-v2-d20-k16-v4096,109,3,control_before,20,16,4096,read_640,28,21,0,20,0
main,ablate-r3-control_before-v2-d20-k16-v4096,109,3,control_before,20,16,4096,close,1,17,0,1,0
main,ablate-r3-no_huge_pages-v2-d20-k16-v4096,110,3,no_huge_pages,20,16,4096,setup_and_write,8,21,0,20,0
main,ablate-r3-no_huge_pages-v2-d20-k16-v4096,110,3,no_huge_pages,20,16,4096,verify,1,21,0,20,0
main,ablate-r3-no_huge_pages-v2-d20-k16-v4096,110,3,no_huge_pages,20,16,4096,read_640,28,21,0,20,0
main,ablate-r3-no_huge_pages-v2-d20-k16-v4096,110,3,no_huge_pages,20,16,4096,close,2,21,0,3,0
main,ablate-r3-kernel_split-v2-d20-k16-v4096,111,3,kernel_split,20,16,4096,setup_and_write,7,41,20,1,0
main,ablate-r3-kernel_split-v2-d20-k16-v4096,111,3,kernel_split,20,16,4096,verify,1,41,20,20,0
main,ablate-r3-kernel_split-v2-d20-k16-v4096,111,3,kernel_split,20,16,4096,read_640,28,41,20,20,0
main,ablate-r3-kernel_split-v2-d20-k16-v4096,111,3,kernel_split,20,16,4096,close,1,31,15,1,0
main,ablate-r3-reuse_encoded_metadata-v2-d20-k16-v4096,112,3,reuse_encoded_metadata,20,16,4096,setup_and_write,7,21,0,9,0
main,ablate-r3-reuse_encoded_metadata-v2-d20-k16-v4096,112,3,reuse_encoded_metadata,20,16,4096,verify,1,21,0,20,0
main,ablate-r3-reuse_encoded_metadata-v2-d20-k16-v4096,112,3,reuse_encoded_metadata,20,16,4096,read_640,28,21,0,20,0
main,ablate-r3-reuse_encoded_metadata-v2-d20-k16-v4096,112,3,reuse_encoded_metadata,20,16,4096,close,1,17,0,1,0
main,ablate-r3-no_registered_buffers-v2-d20-k16-v4096,113,3,no_registered_buffers,20,16,4096,setup_and_write,4,16,0,1,0
main,ablate-r3-no_registered_buffers-v2-d20-k16-v4096,113,3,no_registered_buffers,20,16,4096,verify,2,21,0,20,0
main,ablate-r3-no_registered_buffers-v2-d20-k16-v4096,113,3,no_registered_buffers,20,16,4096,read_640,28,21,0,20,0
main,ablate-r3-single_reap-v2-d20-k16-v4096,114,3,single_reap,20,16,4096,setup_and_write,6,19,0,1,0
main,ablate-r3-single_reap-v2-d20-k16-v4096,114,3,single_reap,20,16,4096,verify,2,21,0,20,0
main,ablate-r3-single_reap-v2-d20-k16-v4096,114,3,single_reap,20,16,4096,read_640,28,21,0,20,0
main,ablate-r3-single_reap-v2-d20-k16-v4096,114,3,single_reap,20,16,4096,close,1,18,0,1,0
main,ablate-r3-no_registered_files-v2-d20-k16-v4096,115,3,no_registered_files,20,16,4096,setup_and_write,6,19,0,1,0
main,ablate-r3-no_registered_files-v2-d20-k16-v4096,115,3,no_registered_files,20,16,4096,verify,2,21,0,20,0
main,ablate-r3-no_registered_files-v2-d20-k16-v4096,115,3,no_registered_files,20,16,4096,read_640,28,21,0,20,0
main,ablate-r3-no_registered_files-v2-d20-k16-v4096,115,3,no_registered_files,20,16,4096,close,1,14,0,1,0
main,ablate-r3-no_defer_taskrun-v2-d20-k16-v4096,116,3,no_defer_taskrun,20,16,4096,setup_and_write,6,18,0,1,0
main,ablate-r3-no_defer_taskrun-v2-d20-k16-v4096,116,3,no_defer_taskrun,20,16,4096,verify,2,21,0,20,0
main,ablate-r3-no_defer_taskrun-v2-d20-k16-v4096,116,3,no_defer_taskrun,20,16,4096,read_640,28,21,0,20,0
main,ablate-r3-no_defer_taskrun-v2-d20-k16-v4096,116,3,no_defer_taskrun,20,16,4096,close,1,18,0,1,0
main,ablate-r3-control_after-v2-d20-k16-v4096,117,3,control_after,20,16,4096,setup_and_write,6,19,0,1,0
main,ablate-r3-control_after-v2-d20-k16-v4096,117,3,control_after,20,16,4096,verify,2,21,0,20,0
main,ablate-r3-control_after-v2-d20-k16-v4096,117,3,control_after,20,16,4096,read_640,28,21,0,20,0
main,ablate-r3-control_after-v2-d20-k16-v4096,117,3,control_after,20,16,4096,close,1,2,0,1,0
main,ablate-r3-control_before-v2-d20-k16-v65536,118,3,control_before,20,16,65536,setup_and_write,5,21,0,16,0
main,ablate-r3-control_before-v2-d20-k16-v65536,118,3,control_before,20,16,65536,read_640,28,21,0,20,0
main,ablate-r3-no_registered_buffers-v2-d20-k16-v65536,119,3,no_registered_buffers,20,16,65536,setup_and_write,3,21,0,20,0
main,ablate-r3-no_registered_buffers-v2-d20-k16-v65536,119,3,no_registered_buffers,20,16,65536,read_640,28,21,0,20,0
main,ablate-r3-reuse_encoded_metadata-v2-d20-k16-v65536,120,3,reuse_encoded_metadata,20,16,65536,setup_and_write,5,21,0,16,0
main,ablate-r3-reuse_encoded_metadata-v2-d20-k16-v65536,120,3,reuse_encoded_metadata,20,16,65536,read_640,28,21,0,20,0
main,ablate-r3-no_defer_taskrun-v2-d20-k16-v65536,121,3,no_defer_taskrun,20,16,65536,setup_and_write,5,21,0,16,0
main,ablate-r3-no_defer_taskrun-v2-d20-k16-v65536,121,3,no_defer_taskrun,20,16,65536,read_640,28,21,0,20,0
main,ablate-r3-single_reap-v2-d20-k16-v65536,122,3,single_reap,20,16,65536,setup_and_write,5,21,0,16,0
main,ablate-r3-single_reap-v2-d20-k16-v65536,122,3,single_reap,20,16,65536,read_640,28,21,0,20,0
main,ablate-r3-kernel_split-v2-d20-k16-v65536,123,3,kernel_split,20,16,65536,setup_and_write,5,21,0,16,0
main,ablate-r3-kernel_split-v2-d20-k16-v65536,123,3,kernel_split,20,16,65536,read_640,28,21,0,20,0
main,ablate-r3-no_huge_pages-v2-d20-k16-v65536,124,3,no_huge_pages,20,16,65536,setup_and_write,6,21,0,20,0
main,ablate-r3-no_huge_pages-v2-d20-k16-v65536,124,3,no_huge_pages,20,16,65536,verify,1,21,0,20,0
main,ablate-r3-no_huge_pages-v2-d20-k16-v65536,124,3,no_huge_pages,20,16,65536,read_640,27,21,0,20,0
main,ablate-r3-no_huge_pages-v2-d20-k16-v65536,124,3,no_huge_pages,20,16,65536,close,2,21,0,1,0
main,ablate-r3-no_registered_files-v2-d20-k16-v65536,125,3,no_registered_files,20,16,65536,setup_and_write,5,21,0,16,0
main,ablate-r3-no_registered_files-v2-d20-k16-v65536,125,3,no_registered_files,20,16,65536,read_640,28,21,0,20,0
main,ablate-r3-control_after-v2-d20-k16-v65536,126,3,control_after,20,16,65536,setup_and_write,5,21,0,16,0
main,ablate-r3-control_after-v2-d20-k16-v65536,126,3,control_after,20,16,65536,read_640,28,21,0,20,0
main,ablate-r3-control_before-v2-d20-k16-v4194304,127,3,control_before,20,16,4194304,setup_and_write,20,21,0,20,0
main,ablate-r3-control_before-v2-d20-k16-v4194304,127,3,control_before,20,16,4194304,verify,3,21,0,20,0
main,ablate-r3-control_before-v2-d20-k16-v4194304,127,3,control_before,20,16,4194304,read_640,28,21,0,20,0
main,ablate-r3-no_registered_buffers-v2-d20-k16-v4194304,128,3,no_registered_buffers,20,16,4194304,setup_and_write,19,21,0,20,0
main,ablate-r3-no_registered_buffers-v2-d20-k16-v4194304,128,3,no_registered_buffers,20,16,4194304,verify,2,21,0,20,0
main,ablate-r3-no_registered_buffers-v2-d20-k16-v4194304,128,3,no_registered_buffers,20,16,4194304,read_640,28,21,0,20,0
main,ablate-r3-no_registered_buffers-v2-d20-k16-v4194304,128,3,no_registered_buffers,20,16,4194304,close,1,5,0,1,0
main,ablate-r3-reuse_encoded_metadata-v2-d20-k16-v4194304,129,3,reuse_encoded_metadata,20,16,4194304,setup_and_write,20,21,0,20,0
main,ablate-r3-reuse_encoded_metadata-v2-d20-k16-v4194304,129,3,reuse_encoded_metadata,20,16,4194304,verify,3,21,0,20,0
main,ablate-r3-reuse_encoded_metadata-v2-d20-k16-v4194304,129,3,reuse_encoded_metadata,20,16,4194304,read_640,27,21,0,20,0
main,ablate-r3-no_huge_pages-v2-d20-k16-v4194304,130,3,no_huge_pages,20,16,4194304,setup_and_write,22,21,0,20,0
main,ablate-r3-no_huge_pages-v2-d20-k16-v4194304,130,3,no_huge_pages,20,16,4194304,verify,2,21,0,20,0
main,ablate-r3-no_huge_pages-v2-d20-k16-v4194304,130,3,no_huge_pages,20,16,4194304,read_640,28,21,0,20,0
main,ablate-r3-no_huge_pages-v2-d20-k16-v4194304,130,3,no_huge_pages,20,16,4194304,close,2,21,0,1,0
main,ablate-r3-single_reap-v2-d20-k16-v4194304,131,3,single_reap,20,16,4194304,setup_and_write,20,21,0,20,0
main,ablate-r3-single_reap-v2-d20-k16-v4194304,131,3,single_reap,20,16,4194304,verify,3,21,0,20,0
main,ablate-r3-single_reap-v2-d20-k16-v4194304,131,3,single_reap,20,16,4194304,read_640,27,21,0,20,0
main,ablate-r3-no_registered_files-v2-d20-k16-v4194304,132,3,no_registered_files,20,16,4194304,setup_and_write,20,22,1,20,0
main,ablate-r3-no_registered_files-v2-d20-k16-v4194304,132,3,no_registered_files,20,16,4194304,verify,3,22,1,20,0
main,ablate-r3-no_registered_files-v2-d20-k16-v4194304,132,3,no_registered_files,20,16,4194304,read_640,28,22,1,20,0
main,ablate-r3-kernel_split-v2-d20-k16-v4194304,133,3,kernel_split,20,16,4194304,setup_and_write,20,41,20,23,3
main,ablate-r3-kernel_split-v2-d20-k16-v4194304,133,3,kernel_split,20,16,4194304,verify,3,1932,1911,99,79
main,ablate-r3-kernel_split-v2-d20-k16-v4194304,133,3,kernel_split,20,16,4194304,read_640,26,2214,2193,30,10
main,ablate-r3-no_defer_taskrun-v2-d20-k16-v4194304,134,3,no_defer_taskrun,20,16,4194304,setup_and_write,20,21,0,20,0
main,ablate-r3-no_defer_taskrun-v2-d20-k16-v4194304,134,3,no_defer_taskrun,20,16,4194304,verify,3,21,0,20,0
main,ablate-r3-no_defer_taskrun-v2-d20-k16-v4194304,134,3,no_defer_taskrun,20,16,4194304,read_640,28,21,0,20,0
main,ablate-r3-control_after-v2-d20-k16-v4194304,135,3,control_after,20,16,4194304,setup_and_write,20,21,0,20,0
main,ablate-r3-control_after-v2-d20-k16-v4194304,135,3,control_after,20,16,4194304,verify,3,21,0,20,0
main,ablate-r3-control_after-v2-d20-k16-v4194304,135,3,control_after,20,16,4194304,read_640,28,21,0,20,0
long_write,long-r1-control_before-v2-d20-k16-v100,1,1,control_before,20,16,100,setup_and_write,10,21,0,20,0
long_write,long-r1-control_before-v2-d20-k16-v100,1,1,control_before,20,16,100,verify,2,21,0,20,0
long_write,long-r1-control_before-v2-d20-k16-v100,1,1,control_before,20,16,100,read_640,11,21,0,20,0
long_write,long-r1-control_before-v2-d20-k16-v100,1,1,control_before,20,16,100,close,3,21,0,20,0
long_write,long-r1-reuse_encoded_metadata-v2-d20-k16-v100,2,1,reuse_encoded_metadata,20,16,100,setup_and_write,10,21,0,20,0
long_write,long-r1-reuse_encoded_metadata-v2-d20-k16-v100,2,1,reuse_encoded_metadata,20,16,100,verify,2,21,0,20,0
long_write,long-r1-reuse_encoded_metadata-v2-d20-k16-v100,2,1,reuse_encoded_metadata,20,16,100,read_640,11,21,0,20,0
long_write,long-r1-reuse_encoded_metadata-v2-d20-k16-v100,2,1,reuse_encoded_metadata,20,16,100,close,3,21,0,20,0
long_write,long-r1-single_reap-v2-d20-k16-v100,3,1,single_reap,20,16,100,setup_and_write,10,21,0,20,0
long_write,long-r1-single_reap-v2-d20-k16-v100,3,1,single_reap,20,16,100,verify,2,21,0,20,0
long_write,long-r1-single_reap-v2-d20-k16-v100,3,1,single_reap,20,16,100,read_640,11,21,0,20,0
long_write,long-r1-single_reap-v2-d20-k16-v100,3,1,single_reap,20,16,100,close,3,21,0,20,0
long_write,long-r1-control_after-v2-d20-k16-v100,4,1,control_after,20,16,100,setup_and_write,10,21,0,20,0
long_write,long-r1-control_after-v2-d20-k16-v100,4,1,control_after,20,16,100,verify,2,21,0,20,0
long_write,long-r1-control_after-v2-d20-k16-v100,4,1,control_after,20,16,100,read_640,11,21,0,20,0
long_write,long-r1-control_after-v2-d20-k16-v100,4,1,control_after,20,16,100,close,3,21,0,20,0
long_write,long-r1-control_before-v2-d20-k16-v1024,5,1,control_before,20,16,1024,setup_and_write,15,21,0,20,0
long_write,long-r1-control_before-v2-d20-k16-v1024,5,1,control_before,20,16,1024,verify,1,21,0,20,0
long_write,long-r1-control_before-v2-d20-k16-v1024,5,1,control_before,20,16,1024,read_640,12,21,0,20,0
long_write,long-r1-control_before-v2-d20-k16-v1024,5,1,control_before,20,16,1024,close,1,12,0,1,0
long_write,long-r1-reuse_encoded_metadata-v2-d20-k16-v1024,6,1,reuse_encoded_metadata,20,16,1024,setup_and_write,15,21,0,20,0
long_write,long-r1-reuse_encoded_metadata-v2-d20-k16-v1024,6,1,reuse_encoded_metadata,20,16,1024,verify,1,21,0,20,0
long_write,long-r1-reuse_encoded_metadata-v2-d20-k16-v1024,6,1,reuse_encoded_metadata,20,16,1024,read_640,12,21,0,20,0
long_write,long-r1-reuse_encoded_metadata-v2-d20-k16-v1024,6,1,reuse_encoded_metadata,20,16,1024,close,1,15,0,1,0
long_write,long-r1-single_reap-v2-d20-k16-v1024,7,1,single_reap,20,16,1024,setup_and_write,15,21,0,20,0
long_write,long-r1-single_reap-v2-d20-k16-v1024,7,1,single_reap,20,16,1024,verify,1,21,0,20,0
long_write,long-r1-single_reap-v2-d20-k16-v1024,7,1,single_reap,20,16,1024,read_640,12,21,0,20,0
long_write,long-r1-single_reap-v2-d20-k16-v1024,7,1,single_reap,20,16,1024,close,1,11,0,1,0
long_write,long-r1-control_after-v2-d20-k16-v1024,8,1,control_after,20,16,1024,setup_and_write,15,21,0,20,0
long_write,long-r1-control_after-v2-d20-k16-v1024,8,1,control_after,20,16,1024,verify,1,21,0,20,0
long_write,long-r1-control_after-v2-d20-k16-v1024,8,1,control_after,20,16,1024,read_640,12,21,0,20,0
long_write,long-r1-control_after-v2-d20-k16-v1024,8,1,control_after,20,16,1024,close,1,13,0,1,0
long_write,long-r1-control_before-v2-d20-k16-v4096,9,1,control_before,20,16,4096,setup_and_write,23,21,0,20,0
long_write,long-r1-control_before-v2-d20-k16-v4096,9,1,control_before,20,16,4096,verify,2,21,0,20,0
long_write,long-r1-control_before-v2-d20-k16-v4096,9,1,control_before,20,16,4096,read_640,12,21,0,20,0
long_write,long-r1-control_before-v2-d20-k16-v4096,9,1,control_before,20,16,4096,close,1,16,0,1,0
long_write,long-r1-single_reap-v2-d20-k16-v4096,10,1,single_reap,20,16,4096,setup_and_write,23,21,0,20,0
long_write,long-r1-single_reap-v2-d20-k16-v4096,10,1,single_reap,20,16,4096,verify,1,21,0,20,0
long_write,long-r1-single_reap-v2-d20-k16-v4096,10,1,single_reap,20,16,4096,read_640,12,21,0,20,0
long_write,long-r1-single_reap-v2-d20-k16-v4096,10,1,single_reap,20,16,4096,close,1,18,0,1,0
long_write,long-r1-reuse_encoded_metadata-v2-d20-k16-v4096,11,1,reuse_encoded_metadata,20,16,4096,setup_and_write,22,21,0,20,0
long_write,long-r1-reuse_encoded_metadata-v2-d20-k16-v4096,11,1,reuse_encoded_metadata,20,16,4096,verify,2,21,0,20,0
long_write,long-r1-reuse_encoded_metadata-v2-d20-k16-v4096,11,1,reuse_encoded_metadata,20,16,4096,read_640,11,21,0,20,0
long_write,long-r1-reuse_encoded_metadata-v2-d20-k16-v4096,11,1,reuse_encoded_metadata,20,16,4096,close,1,21,0,20,0
long_write,long-r1-control_after-v2-d20-k16-v4096,12,1,control_after,20,16,4096,setup_and_write,23,21,0,20,0
long_write,long-r1-control_after-v2-d20-k16-v4096,12,1,control_after,20,16,4096,verify,2,21,0,20,0
long_write,long-r1-control_after-v2-d20-k16-v4096,12,1,control_after,20,16,4096,read_640,11,21,0,20,0
long_write,long-r1-control_after-v2-d20-k16-v4096,12,1,control_after,20,16,4096,close,1,21,0,2,0
long_write,long-r2-control_before-v2-d20-k16-v100,13,2,control_before,20,16,100,setup_and_write,10,21,0,20,0
long_write,long-r2-control_before-v2-d20-k16-v100,13,2,control_before,20,16,100,verify,2,21,0,20,0
long_write,long-r2-control_before-v2-d20-k16-v100,13,2,control_before,20,16,100,read_640,11,21,0,20,0
long_write,long-r2-control_before-v2-d20-k16-v100,13,2,control_before,20,16,100,close,3,21,0,20,0
long_write,long-r2-single_reap-v2-d20-k16-v100,14,2,single_reap,20,16,100,setup_and_write,10,21,0,20,0
long_write,long-r2-single_reap-v2-d20-k16-v100,14,2,single_reap,20,16,100,verify,2,21,0,20,0
long_write,long-r2-single_reap-v2-d20-k16-v100,14,2,single_reap,20,16,100,read_640,11,21,0,20,0
long_write,long-r2-single_reap-v2-d20-k16-v100,14,2,single_reap,20,16,100,close,3,21,0,20,0
long_write,long-r2-reuse_encoded_metadata-v2-d20-k16-v100,15,2,reuse_encoded_metadata,20,16,100,setup_and_write,10,21,0,20,0
long_write,long-r2-reuse_encoded_metadata-v2-d20-k16-v100,15,2,reuse_encoded_metadata,20,16,100,verify,1,21,0,20,0
long_write,long-r2-reuse_encoded_metadata-v2-d20-k16-v100,15,2,reuse_encoded_metadata,20,16,100,read_640,12,21,0,20,0
long_write,long-r2-reuse_encoded_metadata-v2-d20-k16-v100,15,2,reuse_encoded_metadata,20,16,100,close,3,21,0,20,0
long_write,long-r2-control_after-v2-d20-k16-v100,16,2,control_after,20,16,100,setup_and_write,10,21,0,20,0
long_write,long-r2-control_after-v2-d20-k16-v100,16,2,control_after,20,16,100,verify,2,21,0,20,0
long_write,long-r2-control_after-v2-d20-k16-v100,16,2,control_after,20,16,100,read_640,11,21,0,20,0
long_write,long-r2-control_after-v2-d20-k16-v100,16,2,control_after,20,16,100,close,3,21,0,20,0
long_write,long-r2-control_before-v2-d20-k16-v1024,17,2,control_before,20,16,1024,setup_and_write,15,21,0,20,0
long_write,long-r2-control_before-v2-d20-k16-v1024,17,2,control_before,20,16,1024,verify,1,21,0,20,0
long_write,long-r2-control_before-v2-d20-k16-v1024,17,2,control_before,20,16,1024,read_640,12,21,0,20,0
long_write,long-r2-control_before-v2-d20-k16-v1024,17,2,control_before,20,16,1024,close,1,9,0,1,0
long_write,long-r2-reuse_encoded_metadata-v2-d20-k16-v1024,18,2,reuse_encoded_metadata,20,16,1024,setup_and_write,15,21,0,20,0
long_write,long-r2-reuse_encoded_metadata-v2-d20-k16-v1024,18,2,reuse_encoded_metadata,20,16,1024,verify,1,21,0,20,0
long_write,long-r2-reuse_encoded_metadata-v2-d20-k16-v1024,18,2,reuse_encoded_metadata,20,16,1024,read_640,12,21,0,20,0
long_write,long-r2-reuse_encoded_metadata-v2-d20-k16-v1024,18,2,reuse_encoded_metadata,20,16,1024,close,1,13,0,4,0
long_write,long-r2-single_reap-v2-d20-k16-v1024,19,2,single_reap,20,16,1024,setup_and_write,15,21,0,20,0
long_write,long-r2-single_reap-v2-d20-k16-v1024,19,2,single_reap,20,16,1024,verify,1,21,0,20,0
long_write,long-r2-single_reap-v2-d20-k16-v1024,19,2,single_reap,20,16,1024,read_640,12,21,0,20,0
long_write,long-r2-single_reap-v2-d20-k16-v1024,19,2,single_reap,20,16,1024,close,1,12,0,1,0
long_write,long-r2-control_after-v2-d20-k16-v1024,20,2,control_after,20,16,1024,setup_and_write,15,21,0,20,0
long_write,long-r2-control_after-v2-d20-k16-v1024,20,2,control_after,20,16,1024,verify,1,21,0,20,0
long_write,long-r2-control_after-v2-d20-k16-v1024,20,2,control_after,20,16,1024,read_640,12,21,0,20,0
long_write,long-r2-control_after-v2-d20-k16-v1024,20,2,control_after,20,16,1024,close,1,12,0,1,0
long_write,long-r2-control_before-v2-d20-k16-v4096,21,2,control_before,20,16,4096,setup_and_write,24,21,0,20,0
long_write,long-r2-control_before-v2-d20-k16-v4096,21,2,control_before,20,16,4096,verify,1,21,0,20,0
long_write,long-r2-control_before-v2-d20-k16-v4096,21,2,control_before,20,16,4096,read_640,12,21,0,20,0
long_write,long-r2-control_before-v2-d20-k16-v4096,21,2,control_before,20,16,4096,close,1,16,0,9,0
long_write,long-r2-reuse_encoded_metadata-v2-d20-k16-v4096,22,2,reuse_encoded_metadata,20,16,4096,setup_and_write,23,21,0,20,0
long_write,long-r2-reuse_encoded_metadata-v2-d20-k16-v4096,22,2,reuse_encoded_metadata,20,16,4096,verify,2,21,0,20,0
long_write,long-r2-reuse_encoded_metadata-v2-d20-k16-v4096,22,2,reuse_encoded_metadata,20,16,4096,read_640,12,21,0,20,0
long_write,long-r2-single_reap-v2-d20-k16-v4096,23,2,single_reap,20,16,4096,setup_and_write,23,21,0,20,0
long_write,long-r2-single_reap-v2-d20-k16-v4096,23,2,single_reap,20,16,4096,verify,1,21,0,20,0
long_write,long-r2-single_reap-v2-d20-k16-v4096,23,2,single_reap,20,16,4096,read_640,12,21,0,20,0
long_write,long-r2-single_reap-v2-d20-k16-v4096,23,2,single_reap,20,16,4096,close,1,17,0,1,0
long_write,long-r2-control_after-v2-d20-k16-v4096,24,2,control_after,20,16,4096,setup_and_write,23,21,0,20,0
long_write,long-r2-control_after-v2-d20-k16-v4096,24,2,control_after,20,16,4096,verify,1,21,0,20,0
long_write,long-r2-control_after-v2-d20-k16-v4096,24,2,control_after,20,16,4096,read_640,12,21,0,20,0
long_write,long-r2-control_after-v2-d20-k16-v4096,24,2,control_after,20,16,4096,close,1,19,0,1,0
long_write,long-r3-control_before-v2-d20-k16-v100,25,3,control_before,20,16,100,setup_and_write,10,21,0,20,0
long_write,long-r3-control_before-v2-d20-k16-v100,25,3,control_before,20,16,100,verify,2,21,0,20,0
long_write,long-r3-control_before-v2-d20-k16-v100,25,3,control_before,20,16,100,read_640,11,21,0,20,0
long_write,long-r3-control_before-v2-d20-k16-v100,25,3,control_before,20,16,100,close,3,21,0,20,0
long_write,long-r3-reuse_encoded_metadata-v2-d20-k16-v100,26,3,reuse_encoded_metadata,20,16,100,setup_and_write,10,21,0,20,0
long_write,long-r3-reuse_encoded_metadata-v2-d20-k16-v100,26,3,reuse_encoded_metadata,20,16,100,verify,1,21,0,20,0
long_write,long-r3-reuse_encoded_metadata-v2-d20-k16-v100,26,3,reuse_encoded_metadata,20,16,100,read_640,12,21,0,20,0
long_write,long-r3-reuse_encoded_metadata-v2-d20-k16-v100,26,3,reuse_encoded_metadata,20,16,100,close,3,21,0,20,0
long_write,long-r3-single_reap-v2-d20-k16-v100,27,3,single_reap,20,16,100,setup_and_write,10,21,0,20,0
long_write,long-r3-single_reap-v2-d20-k16-v100,27,3,single_reap,20,16,100,verify,2,21,0,20,0
long_write,long-r3-single_reap-v2-d20-k16-v100,27,3,single_reap,20,16,100,read_640,11,21,0,20,0
long_write,long-r3-single_reap-v2-d20-k16-v100,27,3,single_reap,20,16,100,close,3,21,0,20,0
long_write,long-r3-control_after-v2-d20-k16-v100,28,3,control_after,20,16,100,setup_and_write,10,21,0,20,0
long_write,long-r3-control_after-v2-d20-k16-v100,28,3,control_after,20,16,100,verify,2,21,0,20,0
long_write,long-r3-control_after-v2-d20-k16-v100,28,3,control_after,20,16,100,read_640,12,21,0,20,0
long_write,long-r3-control_after-v2-d20-k16-v100,28,3,control_after,20,16,100,close,3,21,0,20,0
long_write,long-r3-control_before-v2-d20-k16-v1024,29,3,control_before,20,16,1024,setup_and_write,15,21,0,20,0
long_write,long-r3-control_before-v2-d20-k16-v1024,29,3,control_before,20,16,1024,verify,1,21,0,20,0
long_write,long-r3-control_before-v2-d20-k16-v1024,29,3,control_before,20,16,1024,read_640,12,21,0,20,0
long_write,long-r3-control_before-v2-d20-k16-v1024,29,3,control_before,20,16,1024,close,1,14,0,1,0
long_write,long-r3-single_reap-v2-d20-k16-v1024,30,3,single_reap,20,16,1024,setup_and_write,15,21,0,20,0
long_write,long-r3-single_reap-v2-d20-k16-v1024,30,3,single_reap,20,16,1024,verify,1,21,0,20,0
long_write,long-r3-single_reap-v2-d20-k16-v1024,30,3,single_reap,20,16,1024,read_640,12,21,0,20,0
long_write,long-r3-single_reap-v2-d20-k16-v1024,30,3,single_reap,20,16,1024,close,1,16,0,1,0
long_write,long-r3-reuse_encoded_metadata-v2-d20-k16-v1024,31,3,reuse_encoded_metadata,20,16,1024,setup_and_write,15,21,0,20,0
long_write,long-r3-reuse_encoded_metadata-v2-d20-k16-v1024,31,3,reuse_encoded_metadata,20,16,1024,verify,1,21,0,20,0
long_write,long-r3-reuse_encoded_metadata-v2-d20-k16-v1024,31,3,reuse_encoded_metadata,20,16,1024,read_640,12,21,0,20,0
long_write,long-r3-reuse_encoded_metadata-v2-d20-k16-v1024,31,3,reuse_encoded_metadata,20,16,1024,close,1,13,0,1,0
long_write,long-r3-control_after-v2-d20-k16-v1024,32,3,control_after,20,16,1024,setup_and_write,15,21,0,20,0
long_write,long-r3-control_after-v2-d20-k16-v1024,32,3,control_after,20,16,1024,verify,1,21,0,20,0
long_write,long-r3-control_after-v2-d20-k16-v1024,32,3,control_after,20,16,1024,read_640,12,21,0,20,0
long_write,long-r3-control_after-v2-d20-k16-v1024,32,3,control_after,20,16,1024,close,1,6,0,1,0
long_write,long-r3-control_before-v2-d20-k16-v4096,33,3,control_before,20,16,4096,setup_and_write,23,21,0,20,0
long_write,long-r3-control_before-v2-d20-k16-v4096,33,3,control_before,20,16,4096,verify,2,21,0,20,0
long_write,long-r3-control_before-v2-d20-k16-v4096,33,3,control_before,20,16,4096,read_640,11,21,0,20,0
long_write,long-r3-control_before-v2-d20-k16-v4096,33,3,control_before,20,16,4096,close,1,21,0,1,0
long_write,long-r3-reuse_encoded_metadata-v2-d20-k16-v4096,34,3,reuse_encoded_metadata,20,16,4096,setup_and_write,23,21,0,20,0
long_write,long-r3-reuse_encoded_metadata-v2-d20-k16-v4096,34,3,reuse_encoded_metadata,20,16,4096,verify,1,21,0,20,0
long_write,long-r3-reuse_encoded_metadata-v2-d20-k16-v4096,34,3,reuse_encoded_metadata,20,16,4096,read_640,12,21,0,20,0
long_write,long-r3-reuse_encoded_metadata-v2-d20-k16-v4096,34,3,reuse_encoded_metadata,20,16,4096,close,1,19,0,10,0
long_write,long-r3-single_reap-v2-d20-k16-v4096,35,3,single_reap,20,16,4096,setup_and_write,22,21,0,20,0
long_write,long-r3-single_reap-v2-d20-k16-v4096,35,3,single_reap,20,16,4096,verify,2,21,0,20,0
long_write,long-r3-single_reap-v2-d20-k16-v4096,35,3,single_reap,20,16,4096,read_640,12,21,0,20,0
long_write,long-r3-single_reap-v2-d20-k16-v4096,35,3,single_reap,20,16,4096,close,1,19,0,1,0
long_write,long-r3-control_after-v2-d20-k16-v4096,36,3,control_after,20,16,4096,setup_and_write,23,21,0,20,0
long_write,long-r3-control_after-v2-d20-k16-v4096,36,3,control_after,20,16,4096,verify,2,21,0,20,0
long_write,long-r3-control_after-v2-d20-k16-v4096,36,3,control_after,20,16,4096,read_640,11,21,0,20,0
long_write,long-r3-control_after-v2-d20-k16-v4096,36,3,control_after,20,16,4096,close,1,21,0,1,0
prepared_write,prepared-r1-control_before-v2-d20-k16-v65536,1,1,control_before,20,16,65536,setup_and_write,38,21,0,20,0
prepared_write,prepared-r1-control_before-v2-d20-k16-v65536,1,1,control_before,20,16,65536,verify,1,21,0,20,0
prepared_write,prepared-r1-control_before-v2-d20-k16-v65536,1,1,control_before,20,16,65536,read_640,11,21,0,20,0
prepared_write,prepared-r1-control_before-v2-d20-k16-v65536,1,1,control_before,20,16,65536,close,1,17,0,1,0
prepared_write,prepared-r1-reuse_encoded_metadata-v2-d20-k16-v65536,2,1,reuse_encoded_metadata,20,16,65536,setup_and_write,40,21,0,20,0
prepared_write,prepared-r1-reuse_encoded_metadata-v2-d20-k16-v65536,2,1,reuse_encoded_metadata,20,16,65536,read_640,12,21,0,20,0
prepared_write,prepared-r1-control_after-v2-d20-k16-v65536,3,1,control_after,20,16,65536,setup_and_write,39,21,0,20,0
prepared_write,prepared-r1-control_after-v2-d20-k16-v65536,3,1,control_after,20,16,65536,read_640,12,21,0,20,0
prepared_write,prepared-r2-control_before-v2-d20-k16-v65536,4,2,control_before,20,16,65536,setup_and_write,40,21,0,20,0
prepared_write,prepared-r2-control_before-v2-d20-k16-v65536,4,2,control_before,20,16,65536,read_640,12,21,0,20,0
prepared_write,prepared-r2-reuse_encoded_metadata-v2-d20-k16-v65536,5,2,reuse_encoded_metadata,20,16,65536,setup_and_write,40,21,0,20,0
prepared_write,prepared-r2-reuse_encoded_metadata-v2-d20-k16-v65536,5,2,reuse_encoded_metadata,20,16,65536,read_640,12,21,0,20,0
prepared_write,prepared-r2-control_after-v2-d20-k16-v65536,6,2,control_after,20,16,65536,setup_and_write,40,21,0,20,0
prepared_write,prepared-r2-control_after-v2-d20-k16-v65536,6,2,control_after,20,16,65536,read_640,12,21,0,20,0
prepared_write,prepared-r3-control_before-v2-d20-k16-v65536,7,3,control_before,20,16,65536,setup_and_write,39,21,0,20,0
prepared_write,prepared-r3-control_before-v2-d20-k16-v65536,7,3,control_before,20,16,65536,read_640,12,21,0,20,0
prepared_write,prepared-r3-reuse_encoded_metadata-v2-d20-k16-v65536,8,3,reuse_encoded_metadata,20,16,65536,setup_and_write,40,21,0,20,0
prepared_write,prepared-r3-reuse_encoded_metadata-v2-d20-k16-v65536,8,3,reuse_encoded_metadata,20,16,65536,verify,1,21,0,20,0
prepared_write,prepared-r3-reuse_encoded_metadata-v2-d20-k16-v65536,8,3,reuse_encoded_metadata,20,16,65536,read_640,11,21,0,20,0
prepared_write,prepared-r3-reuse_encoded_metadata-v2-d20-k16-v65536,8,3,reuse_encoded_metadata,20,16,65536,close,1,21,0,14,0
prepared_write,prepared-r3-control_after-v2-d20-k16-v65536,9,3,control_after,20,16,65536,setup_and_write,39,21,0,20,0
prepared_write,prepared-r3-control_after-v2-d20-k16-v65536,9,3,control_after,20,16,65536,verify,1,21,0,1,0
prepared_write,prepared-r3-control_after-v2-d20-k16-v65536,9,3,control_after,20,16,65536,read_640,12,21,0,20,0
buffer_reads,buffer-r1-control_before-v2-d20-k16-v4096,1,1,control_before,20,16,4096,setup_and_write,6,19,0,1,0
buffer_reads,buffer-r1-control_before-v2-d20-k16-v4096,1,1,control_before,20,16,4096,verify,2,21,0,20,0
buffer_reads,buffer-r1-control_before-v2-d20-k16-v4096,1,1,control_before,20,16,4096,read_2560,28,21,0,20,0
buffer_reads,buffer-r1-control_before-v2-d20-k16-v4096,1,1,control_before,20,16,4096,close,1,18,0,1,0
buffer_reads,buffer-r1-no_registered_buffers-v2-d20-k16-v4096,2,1,no_registered_buffers,20,16,4096,setup_and_write,4,15,0,1,0
buffer_reads,buffer-r1-no_registered_buffers-v2-d20-k16-v4096,2,1,no_registered_buffers,20,16,4096,verify,2,21,0,20,0
buffer_reads,buffer-r1-no_registered_buffers-v2-d20-k16-v4096,2,1,no_registered_buffers,20,16,4096,read_2560,28,21,0,20,0
buffer_reads,buffer-r1-no_registered_buffers-v2-d20-k16-v4096,2,1,no_registered_buffers,20,16,4096,close,1,14,0,1,0
buffer_reads,buffer-r1-control_after-v2-d20-k16-v4096,3,1,control_after,20,16,4096,setup_and_write,6,19,0,1,0
buffer_reads,buffer-r1-control_after-v2-d20-k16-v4096,3,1,control_after,20,16,4096,verify,2,21,0,20,0
buffer_reads,buffer-r1-control_after-v2-d20-k16-v4096,3,1,control_after,20,16,4096,read_2560,28,21,0,20,0
buffer_reads,buffer-r1-control_after-v2-d20-k16-v4096,3,1,control_after,20,16,4096,close,1,16,0,1,0
buffer_reads,buffer-r2-control_before-v2-d20-k16-v4096,4,2,control_before,20,16,4096,setup_and_write,6,18,0,1,0
buffer_reads,buffer-r2-control_before-v2-d20-k16-v4096,4,2,control_before,20,16,4096,verify,2,21,0,20,0
buffer_reads,buffer-r2-control_before-v2-d20-k16-v4096,4,2,control_before,20,16,4096,read_2560,28,21,0,20,0
buffer_reads,buffer-r2-control_before-v2-d20-k16-v4096,4,2,control_before,20,16,4096,close,1,18,0,1,0
buffer_reads,buffer-r2-no_registered_buffers-v2-d20-k16-v4096,5,2,no_registered_buffers,20,16,4096,setup_and_write,4,15,0,1,0
buffer_reads,buffer-r2-no_registered_buffers-v2-d20-k16-v4096,5,2,no_registered_buffers,20,16,4096,verify,2,21,0,20,0
buffer_reads,buffer-r2-no_registered_buffers-v2-d20-k16-v4096,5,2,no_registered_buffers,20,16,4096,read_2560,28,21,0,20,0
buffer_reads,buffer-r2-no_registered_buffers-v2-d20-k16-v4096,5,2,no_registered_buffers,20,16,4096,close,1,1,0,1,0
buffer_reads,buffer-r2-control_after-v2-d20-k16-v4096,6,2,control_after,20,16,4096,setup_and_write,6,19,0,1,0
buffer_reads,buffer-r2-control_after-v2-d20-k16-v4096,6,2,control_after,20,16,4096,verify,2,21,0,20,0
buffer_reads,buffer-r2-control_after-v2-d20-k16-v4096,6,2,control_after,20,16,4096,read_2560,28,21,0,20,0
buffer_reads,buffer-r2-control_after-v2-d20-k16-v4096,6,2,control_after,20,16,4096,close,1,15,0,1,0
buffer_reads,buffer-r3-control_before-v2-d20-k16-v4096,7,3,control_before,20,16,4096,setup_and_write,6,19,0,1,0
buffer_reads,buffer-r3-control_before-v2-d20-k16-v4096,7,3,control_before,20,16,4096,verify,2,21,0,20,0
buffer_reads,buffer-r3-control_before-v2-d20-k16-v4096,7,3,control_before,20,16,4096,read_2560,28,21,0,20,0
buffer_reads,buffer-r3-control_before-v2-d20-k16-v4096,7,3,control_before,20,16,4096,close,1,15,0,1,0
buffer_reads,buffer-r3-no_registered_buffers-v2-d20-k16-v4096,8,3,no_registered_buffers,20,16,4096,setup_and_write,4,15,0,1,0
buffer_reads,buffer-r3-no_registered_buffers-v2-d20-k16-v4096,8,3,no_registered_buffers,20,16,4096,verify,2,21,0,20,0
buffer_reads,buffer-r3-no_registered_buffers-v2-d20-k16-v4096,8,3,no_registered_buffers,20,16,4096,read_2560,28,21,0,20,0
buffer_reads,buffer-r3-no_registered_buffers-v2-d20-k16-v4096,8,3,no_registered_buffers,20,16,4096,close,1,16,0,1,0
buffer_reads,buffer-r3-control_after-v2-d20-k16-v4096,9,3,control_after,20,16,4096,setup_and_write,6,19,0,1,0
buffer_reads,buffer-r3-control_after-v2-d20-k16-v4096,9,3,control_after,20,16,4096,verify,2,21,0,20,0
buffer_reads,buffer-r3-control_after-v2-d20-k16-v4096,9,3,control_after,20,16,4096,read_2560,28,21,0,20,0
buffer_reads,buffer-r3-control_after-v2-d20-k16-v4096,9,3,control_after,20,16,4096,close,1,14,0,1,0
final,final-r1-control_before-v2-d20-k16-v100,1,1,control_before,20,16,100,setup_and_write,6,19,0,1,0
final,final-r1-control_before-v2-d20-k16-v100,1,1,control_before,20,16,100,verify,2,21,0,20,0
final,final-r1-control_before-v2-d20-k16-v100,1,1,control_before,20,16,100,read_160,28,21,0,20,0
final,final-r1-control_before-v2-d20-k16-v100,1,1,control_before,20,16,100,read_640,28,21,0,20,0
final,final-r1-control_before-v2-d20-k16-v100,1,1,control_before,20,16,100,read_2560,28,21,0,20,0
final,final-r1-cleaned-v2-d20-k16-v100,2,1,cleaned,20,16,100,setup_and_write,6,18,0,1,0
final,final-r1-cleaned-v2-d20-k16-v100,2,1,cleaned,20,16,100,verify,2,21,0,20,0
final,final-r1-cleaned-v2-d20-k16-v100,2,1,cleaned,20,16,100,read_160,28,21,0,20,0
final,final-r1-cleaned-v2-d20-k16-v100,2,1,cleaned,20,16,100,read_640,28,21,0,20,0
final,final-r1-cleaned-v2-d20-k16-v100,2,1,cleaned,20,16,100,read_2560,28,21,0,20,0
final,final-r1-control_after-v2-d20-k16-v100,3,1,control_after,20,16,100,setup_and_write,6,18,0,1,0
final,final-r1-control_after-v2-d20-k16-v100,3,1,control_after,20,16,100,verify,2,21,0,20,0
final,final-r1-control_after-v2-d20-k16-v100,3,1,control_after,20,16,100,read_160,28,21,0,20,0
final,final-r1-control_after-v2-d20-k16-v100,3,1,control_after,20,16,100,read_640,28,21,0,20,0
final,final-r1-control_after-v2-d20-k16-v100,3,1,control_after,20,16,100,read_2560,28,21,0,20,0
final,final-r1-control_before-v2-d20-k16-v1024,4,1,control_before,20,16,1024,setup_and_write,6,18,0,1,0
final,final-r1-control_before-v2-d20-k16-v1024,4,1,control_before,20,16,1024,verify,2,21,0,20,0
final,final-r1-control_before-v2-d20-k16-v1024,4,1,control_before,20,16,1024,read_160,27,21,0,20,0
final,final-r1-control_before-v2-d20-k16-v1024,4,1,control_before,20,16,1024,read_640,28,21,0,20,0
final,final-r1-control_before-v2-d20-k16-v1024,4,1,control_before,20,16,1024,read_2560,28,21,0,20,0
final,final-r1-control_before-v2-d20-k16-v1024,4,1,control_before,20,16,1024,close,1,21,0,3,0
final,final-r1-cleaned-v2-d20-k16-v1024,5,1,cleaned,20,16,1024,setup_and_write,6,18,0,1,0
final,final-r1-cleaned-v2-d20-k16-v1024,5,1,cleaned,20,16,1024,verify,2,21,0,20,0
final,final-r1-cleaned-v2-d20-k16-v1024,5,1,cleaned,20,16,1024,read_160,28,21,0,20,0
final,final-r1-cleaned-v2-d20-k16-v1024,5,1,cleaned,20,16,1024,read_640,28,21,0,20,0
final,final-r1-cleaned-v2-d20-k16-v1024,5,1,cleaned,20,16,1024,read_2560,28,21,0,20,0
final,final-r1-cleaned-v2-d20-k16-v1024,5,1,cleaned,20,16,1024,close,1,14,0,1,0
final,final-r1-control_after-v2-d20-k16-v1024,6,1,control_after,20,16,1024,setup_and_write,6,19,0,1,0
final,final-r1-control_after-v2-d20-k16-v1024,6,1,control_after,20,16,1024,verify,2,21,0,20,0
final,final-r1-control_after-v2-d20-k16-v1024,6,1,control_after,20,16,1024,read_160,27,21,0,20,0
final,final-r1-control_after-v2-d20-k16-v1024,6,1,control_after,20,16,1024,read_640,28,21,0,20,0
final,final-r1-control_after-v2-d20-k16-v1024,6,1,control_after,20,16,1024,read_2560,28,21,0,20,0
final,final-r1-control_after-v2-d20-k16-v1024,6,1,control_after,20,16,1024,close,1,21,0,7,0
final,final-r1-control_before-v2-d20-k16-v4096,7,1,control_before,20,16,4096,setup_and_write,7,21,0,12,0
final,final-r1-control_before-v2-d20-k16-v4096,7,1,control_before,20,16,4096,verify,1,21,0,20,0
final,final-r1-control_before-v2-d20-k16-v4096,7,1,control_before,20,16,4096,read_160,28,21,0,20,0
final,final-r1-control_before-v2-d20-k16-v4096,7,1,control_before,20,16,4096,read_640,28,21,0,20,0
final,final-r1-control_before-v2-d20-k16-v4096,7,1,control_before,20,16,4096,read_2560,28,21,0,20,0
final,final-r1-control_before-v2-d20-k16-v4096,7,1,control_before,20,16,4096,close,1,17,0,1,0
final,final-r1-cleaned-v2-d20-k16-v4096,8,1,cleaned,20,16,4096,setup_and_write,6,18,0,1,0
final,final-r1-cleaned-v2-d20-k16-v4096,8,1,cleaned,20,16,4096,verify,2,21,0,20,0
final,final-r1-cleaned-v2-d20-k16-v4096,8,1,cleaned,20,16,4096,read_160,28,21,0,20,0
final,final-r1-cleaned-v2-d20-k16-v4096,8,1,cleaned,20,16,4096,read_640,28,21,0,20,0
final,final-r1-cleaned-v2-d20-k16-v4096,8,1,cleaned,20,16,4096,read_2560,28,21,0,20,0
final,final-r1-cleaned-v2-d20-k16-v4096,8,1,cleaned,20,16,4096,close,1,15,0,1,0
final,final-r1-control_after-v2-d20-k16-v4096,9,1,control_after,20,16,4096,setup_and_write,7,21,0,1,0
final,final-r1-control_after-v2-d20-k16-v4096,9,1,control_after,20,16,4096,verify,1,21,0,20,0
final,final-r1-control_after-v2-d20-k16-v4096,9,1,control_after,20,16,4096,read_160,28,21,0,20,0
final,final-r1-control_after-v2-d20-k16-v4096,9,1,control_after,20,16,4096,read_640,28,21,0,20,0
final,final-r1-control_after-v2-d20-k16-v4096,9,1,control_after,20,16,4096,read_2560,28,21,0,20,0
final,final-r1-control_before-v2-d20-k16-v65536,10,1,control_before,20,16,65536,setup_and_write,5,21,0,16,0
final,final-r1-control_before-v2-d20-k16-v65536,10,1,control_before,20,16,65536,read_160,28,21,0,20,0
final,final-r1-control_before-v2-d20-k16-v65536,10,1,control_before,20,16,65536,read_640,28,21,0,20,0
final,final-r1-control_before-v2-d20-k16-v65536,10,1,control_before,20,16,65536,read_2560,28,21,0,20,0
final,final-r1-cleaned-v2-d20-k16-v65536,11,1,cleaned,20,16,65536,setup_and_write,5,21,0,16,0
final,final-r1-cleaned-v2-d20-k16-v65536,11,1,cleaned,20,16,65536,read_160,28,21,0,20,0
final,final-r1-cleaned-v2-d20-k16-v65536,11,1,cleaned,20,16,65536,read_640,28,21,0,20,0
final,final-r1-cleaned-v2-d20-k16-v65536,11,1,cleaned,20,16,65536,read_2560,28,21,0,20,0
final,final-r1-control_after-v2-d20-k16-v65536,12,1,control_after,20,16,65536,setup_and_write,5,21,0,16,0
final,final-r1-control_after-v2-d20-k16-v65536,12,1,control_after,20,16,65536,read_160,28,21,0,20,0
final,final-r1-control_after-v2-d20-k16-v65536,12,1,control_after,20,16,65536,read_640,28,21,0,20,0
final,final-r1-control_after-v2-d20-k16-v65536,12,1,control_after,20,16,65536,read_2560,28,21,0,20,0
final,final-r1-control_before-v2-d20-k16-v4194304,13,1,control_before,20,16,4194304,setup_and_write,20,21,0,20,0
final,final-r1-control_before-v2-d20-k16-v4194304,13,1,control_before,20,16,4194304,verify,3,21,0,20,0
final,final-r1-control_before-v2-d20-k16-v4194304,13,1,control_before,20,16,4194304,read_160,28,21,0,20,0
final,final-r1-control_before-v2-d20-k16-v4194304,13,1,control_before,20,16,4194304,read_640,28,21,0,20,0
final,final-r1-control_before-v2-d20-k16-v4194304,13,1,control_before,20,16,4194304,read_2560,28,21,0,20,0
final,final-r1-cleaned-v2-d20-k16-v4194304,14,1,cleaned,20,16,4194304,setup_and_write,20,21,0,20,0
final,final-r1-cleaned-v2-d20-k16-v4194304,14,1,cleaned,20,16,4194304,verify,3,21,0,20,0
final,final-r1-cleaned-v2-d20-k16-v4194304,14,1,cleaned,20,16,4194304,read_160,27,21,0,20,0
final,final-r1-cleaned-v2-d20-k16-v4194304,14,1,cleaned,20,16,4194304,read_640,29,21,0,20,0
final,final-r1-cleaned-v2-d20-k16-v4194304,14,1,cleaned,20,16,4194304,read_2560,28,21,0,20,0
final,final-r1-control_after-v2-d20-k16-v4194304,15,1,control_after,20,16,4194304,setup_and_write,20,21,0,20,0
final,final-r1-control_after-v2-d20-k16-v4194304,15,1,control_after,20,16,4194304,verify,3,21,0,20,0
final,final-r1-control_after-v2-d20-k16-v4194304,15,1,control_after,20,16,4194304,read_160,28,21,0,20,0
final,final-r1-control_after-v2-d20-k16-v4194304,15,1,control_after,20,16,4194304,read_640,28,21,0,20,0
final,final-r1-control_after-v2-d20-k16-v4194304,15,1,control_after,20,16,4194304,read_2560,28,21,0,20,0
final,final-r2-control_before-v2-d20-k16-v100,16,2,control_before,20,16,100,setup_and_write,6,18,0,1,0
final,final-r2-control_before-v2-d20-k16-v100,16,2,control_before,20,16,100,verify,2,21,0,20,0
final,final-r2-control_before-v2-d20-k16-v100,16,2,control_before,20,16,100,read_640,28,21,0,20,0
final,final-r2-control_before-v2-d20-k16-v100,16,2,control_before,20,16,100,close,1,16,0,1,0
final,final-r2-cleaned-v2-d20-k16-v100,17,2,cleaned,20,16,100,setup_and_write,6,19,0,1,0
final,final-r2-cleaned-v2-d20-k16-v100,17,2,cleaned,20,16,100,verify,2,21,0,20,0
final,final-r2-cleaned-v2-d20-k16-v100,17,2,cleaned,20,16,100,read_640,28,21,0,20,0
final,final-r2-cleaned-v2-d20-k16-v100,17,2,cleaned,20,16,100,close,1,18,0,5,0
final,final-r2-control_after-v2-d20-k16-v100,18,2,control_after,20,16,100,setup_and_write,6,19,0,1,0
final,final-r2-control_after-v2-d20-k16-v100,18,2,control_after,20,16,100,verify,2,21,0,20,0
final,final-r2-control_after-v2-d20-k16-v100,18,2,control_after,20,16,100,read_640,28,21,0,20,0
final,final-r2-control_after-v2-d20-k16-v100,18,2,control_after,20,16,100,close,1,17,0,1,0
final,final-r2-control_before-v2-d20-k16-v1024,19,2,control_before,20,16,1024,setup_and_write,6,18,0,1,0
final,final-r2-control_before-v2-d20-k16-v1024,19,2,control_before,20,16,1024,verify,2,21,0,20,0
final,final-r2-control_before-v2-d20-k16-v1024,19,2,control_before,20,16,1024,read_640,27,21,0,20,0
final,final-r2-control_before-v2-d20-k16-v1024,19,2,control_before,20,16,1024,close,1,21,0,20,0
final,final-r2-cleaned-v2-d20-k16-v1024,20,2,cleaned,20,16,1024,setup_and_write,6,19,0,1,0
final,final-r2-cleaned-v2-d20-k16-v1024,20,2,cleaned,20,16,1024,verify,2,21,0,20,0
final,final-r2-cleaned-v2-d20-k16-v1024,20,2,cleaned,20,16,1024,read_640,28,21,0,20,0
final,final-r2-cleaned-v2-d20-k16-v1024,20,2,cleaned,20,16,1024,close,1,15,0,1,0
final,final-r2-control_after-v2-d20-k16-v1024,21,2,control_after,20,16,1024,setup_and_write,6,19,0,1,0
final,final-r2-control_after-v2-d20-k16-v1024,21,2,control_after,20,16,1024,verify,2,21,0,20,0
final,final-r2-control_after-v2-d20-k16-v1024,21,2,control_after,20,16,1024,read_640,27,21,0,20,0
final,final-r2-control_after-v2-d20-k16-v1024,21,2,control_after,20,16,1024,close,1,21,0,2,0
final,final-r2-control_before-v2-d20-k16-v4096,22,2,control_before,20,16,4096,setup_and_write,6,19,0,1,0
final,final-r2-control_before-v2-d20-k16-v4096,22,2,control_before,20,16,4096,verify,2,21,0,20,0
final,final-r2-control_before-v2-d20-k16-v4096,22,2,control_before,20,16,4096,read_640,28,21,0,20,0
final,final-r2-control_before-v2-d20-k16-v4096,22,2,control_before,20,16,4096,close,1,19,0,1,0
final,final-r2-cleaned-v2-d20-k16-v4096,23,2,cleaned,20,16,4096,setup_and_write,6,19,0,1,0
final,final-r2-cleaned-v2-d20-k16-v4096,23,2,cleaned,20,16,4096,verify,2,21,0,20,0
final,final-r2-cleaned-v2-d20-k16-v4096,23,2,cleaned,20,16,4096,read_640,28,21,0,20,0
final,final-r2-cleaned-v2-d20-k16-v4096,23,2,cleaned,20,16,4096,close,1,18,0,1,0
final,final-r2-control_after-v2-d20-k16-v4096,24,2,control_after,20,16,4096,setup_and_write,6,19,0,1,0
final,final-r2-control_after-v2-d20-k16-v4096,24,2,control_after,20,16,4096,verify,2,21,0,20,0
final,final-r2-control_after-v2-d20-k16-v4096,24,2,control_after,20,16,4096,read_640,28,21,0,20,0
final,final-r2-control_after-v2-d20-k16-v4096,24,2,control_after,20,16,4096,close,1,2,0,1,0
final,final-r2-control_before-v2-d20-k16-v65536,25,2,control_before,20,16,65536,setup_and_write,5,21,0,16,0
final,final-r2-control_before-v2-d20-k16-v65536,25,2,control_before,20,16,65536,read_640,28,21,0,20,0
final,final-r2-cleaned-v2-d20-k16-v65536,26,2,cleaned,20,16,65536,setup_and_write,5,21,0,16,0
final,final-r2-cleaned-v2-d20-k16-v65536,26,2,cleaned,20,16,65536,read_640,28,21,0,20,0
final,final-r2-control_after-v2-d20-k16-v65536,27,2,control_after,20,16,65536,setup_and_write,5,21,0,16,0
final,final-r2-control_after-v2-d20-k16-v65536,27,2,control_after,20,16,65536,read_640,28,21,0,20,0
final,final-r2-control_before-v2-d20-k16-v4194304,28,2,control_before,20,16,4194304,setup_and_write,20,21,0,20,0
final,final-r2-control_before-v2-d20-k16-v4194304,28,2,control_before,20,16,4194304,verify,3,21,0,20,0
final,final-r2-control_before-v2-d20-k16-v4194304,28,2,control_before,20,16,4194304,read_640,28,21,0,20,0
final,final-r2-cleaned-v2-d20-k16-v4194304,29,2,cleaned,20,16,4194304,setup_and_write,20,21,0,20,0
final,final-r2-cleaned-v2-d20-k16-v4194304,29,2,cleaned,20,16,4194304,verify,3,21,0,20,0
final,final-r2-cleaned-v2-d20-k16-v4194304,29,2,cleaned,20,16,4194304,read_640,28,21,0,20,0
final,final-r2-control_after-v2-d20-k16-v4194304,30,2,control_after,20,16,4194304,setup_and_write,20,21,0,20,0
final,final-r2-control_after-v2-d20-k16-v4194304,30,2,control_after,20,16,4194304,verify,3,21,0,20,0
final,final-r2-control_after-v2-d20-k16-v4194304,30,2,control_after,20,16,4194304,read_640,28,21,0,20,0
final,final-r3-control_before-v2-d20-k16-v100,31,3,control_before,20,16,100,setup_and_write,6,18,0,1,0
final,final-r3-control_before-v2-d20-k16-v100,31,3,control_before,20,16,100,verify,2,21,0,20,0
final,final-r3-control_before-v2-d20-k16-v100,31,3,control_before,20,16,100,read_640,28,21,0,20,0
final,final-r3-control_before-v2-d20-k16-v100,31,3,control_before,20,16,100,close,1,17,0,1,0
final,final-r3-cleaned-v2-d20-k16-v100,32,3,cleaned,20,16,100,setup_and_write,6,19,0,1,0
final,final-r3-cleaned-v2-d20-k16-v100,32,3,cleaned,20,16,100,verify,2,21,0,20,0
final,final-r3-cleaned-v2-d20-k16-v100,32,3,cleaned,20,16,100,read_640,28,21,0,20,0
final,final-r3-cleaned-v2-d20-k16-v100,32,3,cleaned,20,16,100,close,1,18,0,1,0
final,final-r3-control_after-v2-d20-k16-v100,33,3,control_after,20,16,100,setup_and_write,6,18,0,1,0
final,final-r3-control_after-v2-d20-k16-v100,33,3,control_after,20,16,100,verify,2,21,0,20,0
final,final-r3-control_after-v2-d20-k16-v100,33,3,control_after,20,16,100,read_640,28,21,0,20,0
final,final-r3-control_after-v2-d20-k16-v100,33,3,control_after,20,16,100,close,1,15,0,1,0
final,final-r3-control_before-v2-d20-k16-v1024,34,3,control_before,20,16,1024,setup_and_write,6,19,0,1,0
final,final-r3-control_before-v2-d20-k16-v1024,34,3,control_before,20,16,1024,verify,2,21,0,20,0
final,final-r3-control_before-v2-d20-k16-v1024,34,3,control_before,20,16,1024,read_640,27,21,0,20,0
final,final-r3-control_before-v2-d20-k16-v1024,34,3,control_before,20,16,1024,close,1,21,0,2,0
final,final-r3-cleaned-v2-d20-k16-v1024,35,3,cleaned,20,16,1024,setup_and_write,6,19,0,1,0
final,final-r3-cleaned-v2-d20-k16-v1024,35,3,cleaned,20,16,1024,verify,2,21,0,20,0
final,final-r3-cleaned-v2-d20-k16-v1024,35,3,cleaned,20,16,1024,read_640,27,21,0,20,0
final,final-r3-cleaned-v2-d20-k16-v1024,35,3,cleaned,20,16,1024,close,1,21,0,1,0
final,final-r3-control_after-v2-d20-k16-v1024,36,3,control_after,20,16,1024,setup_and_write,6,18,0,1,0
final,final-r3-control_after-v2-d20-k16-v1024,36,3,control_after,20,16,1024,verify,2,21,0,20,0
final,final-r3-control_after-v2-d20-k16-v1024,36,3,control_after,20,16,1024,read_640,27,21,0,20,0
final,final-r3-control_after-v2-d20-k16-v1024,36,3,control_after,20,16,1024,close,1,21,0,2,0
final,final-r3-control_before-v2-d20-k16-v4096,37,3,control_before,20,16,4096,setup_and_write,6,19,0,1,0
final,final-r3-control_before-v2-d20-k16-v4096,37,3,control_before,20,16,4096,verify,2,21,0,20,0
final,final-r3-control_before-v2-d20-k16-v4096,37,3,control_before,20,16,4096,read_640,28,21,0,20,0
final,final-r3-control_before-v2-d20-k16-v4096,37,3,control_before,20,16,4096,close,1,17,0,1,0
final,final-r3-cleaned-v2-d20-k16-v4096,38,3,cleaned,20,16,4096,setup_and_write,6,19,0,1,0
final,final-r3-cleaned-v2-d20-k16-v4096,38,3,cleaned,20,16,4096,verify,2,21,0,20,0
final,final-r3-cleaned-v2-d20-k16-v4096,38,3,cleaned,20,16,4096,read_640,28,21,0,20,0
final,final-r3-cleaned-v2-d20-k16-v4096,38,3,cleaned,20,16,4096,close,1,17,0,1,0
final,final-r3-control_after-v2-d20-k16-v4096,39,3,control_after,20,16,4096,setup_and_write,6,19,0,1,0
final,final-r3-control_after-v2-d20-k16-v4096,39,3,control_after,20,16,4096,verify,2,21,0,20,0
final,final-r3-control_after-v2-d20-k16-v4096,39,3,control_after,20,16,4096,read_640,28,21,0,20,0
final,final-r3-control_after-v2-d20-k16-v4096,39,3,control_after,20,16,4096,close,1,18,0,1,0
final,final-r3-control_before-v2-d20-k16-v65536,40,3,control_before,20,16,65536,setup_and_write,5,21,0,16,0
final,final-r3-control_before-v2-d20-k16-v65536,40,3,control_before,20,16,65536,read_640,28,21,0,20,0
final,final-r3-cleaned-v2-d20-k16-v65536,41,3,cleaned,20,16,65536,setup_and_write,5,21,0,16,0
final,final-r3-cleaned-v2-d20-k16-v65536,41,3,cleaned,20,16,65536,read_640,28,21,0,20,0
final,final-r3-control_after-v2-d20-k16-v65536,42,3,control_after,20,16,65536,setup_and_write,5,21,0,16,0
final,final-r3-control_after-v2-d20-k16-v65536,42,3,control_after,20,16,65536,read_640,28,21,0,20,0
final,final-r3-control_before-v2-d20-k16-v4194304,43,3,control_before,20,16,4194304,setup_and_write,20,21,0,20,0
final,final-r3-control_before-v2-d20-k16-v4194304,43,3,control_before,20,16,4194304,verify,3,21,0,20,0
final,final-r3-control_before-v2-d20-k16-v4194304,43,3,control_before,20,16,4194304,read_640,28,21,0,20,0
final,final-r3-cleaned-v2-d20-k16-v4194304,44,3,cleaned,20,16,4194304,setup_and_write,20,21,0,20,0
final,final-r3-cleaned-v2-d20-k16-v4194304,44,3,cleaned,20,16,4194304,verify,2,21,0,20,0
final,final-r3-cleaned-v2-d20-k16-v4194304,44,3,cleaned,20,16,4194304,read_640,28,21,0,20,0
final,final-r3-control_after-v2-d20-k16-v4194304,45,3,control_after,20,16,4194304,setup_and_write,20,22,1,20,0
final,final-r3-control_after-v2-d20-k16-v4194304,45,3,control_after,20,16,4194304,verify,3,22,1,20,0
final,final-r3-control_after-v2-d20-k16-v4194304,45,3,control_after,20,16,4194304,read_640,28,22,1,20,0
