repeat,cpu_system_s,cpu_user_s,device_read_bytes,device_read_ios,device_write_bytes,device_write_ios,durable_flush,engine,gib_s,huge_pages,latency_samples,operations,ops_s,p50_us,p999_us,p99_us,payload_bytes,phase,qd,read_range,seconds,verified_reads,workload,memory_arena_backing,memory_deferred_taskrun,memory_fixed_files,memory_observed_anon_huge_bytes,memory_observed_hugetlb_bytes,memory_pool_bytes,memory_registered_buffers,device_read_bytes_per_op,device_write_amplification,cpu_percent
0,0.09300600000000003,1.305131,0,0,1030795264,83885,True,legacy,0.357643894710823,Disabled,0,5368704,3840172.07849263,,,,536870400,write,64,full,1.398037351,False,100,Plain,True,True,,,1073741824,True,0.0,1.9200076294018071,100.00712777809039
0,0.039823,0.14815299999999998,355532800,86800,0,0,True,legacy,0.001616768457654934,Disabled,5425,86800,17359.919127080753,55.779,64.889,63.638,8680000,read,1,full,5.000023293,False,100,Plain,True,True,0,0,1073741824,True,4096.0,0.0,3.759502485981718
0,2.3363,2.3847940000000003,16501039104,4028546,0,0,True,legacy,0.07503676153372615,Disabled,251786,4028574,805701.0919627616,73.068,168.486,131.887,402857400,read,64,full,5.000085069,False,100,Plain,True,True,0,0,1073741824,True,4096.0,0.0,94.42027355234985
0,0.22393600000000002,0.65766,0,0,1030791168,83886,True,v2,0.5672173812656442,Disabled,0,5368704,6090450.255646762,,,,536870400,write,64,full,0.881495419,False,100,Plain,True,True,,,1073741824,True,0.0,1.92,100.01141026916672
0,0.06556100000000004,0.125066,355717120,86845,0,0,True,v2,0.0016176041183520084,Disabled,5428,86845,17368.891965491974,55.808,64.168,63.609,8684500,read,1,full,5.0000311,False,100,Plain,True,True,0,0,1073741824,True,4096.0,0.0,3.812516286148701
0,2.309706,2.4241690000000005,16353632256,3992568,0,0,True,v2,0.07436620433051837,Disabled,249537,3992586,798501.0388180749,73.718,167.157,132.618,399258600,read,64,full,5.000101197,False,100,Plain,True,True,0,0,1073741824,True,4096.0,0.0,94.67558382298877
0,0.007998000000000005,0.130863,0,0,738201600,8193,True,legacy,3.602544105118894,Disabled,0,524288,3777541.2875691494,,,,536870912,write,64,full,0.138790806,False,1024,Plain,True,True,,,1073741824,True,0.0,1.3750076293945312,100.05057539618296
0,0.09592200000000001,0.09029500000000001,355790848,86863,0,0,True,legacy,0.016567764966169077,Disabled,5429,86863,17372.560717165707,55.739,64.049,63.588,88947712,read,1,full,5.000011306,False,1024,Plain,True,True,0,0,1073741824,True,4096.0,0.0,3.724331578541435
0,2.5157179999999997,2.129403,17168252928,4191434,0,0,True,legacy,0.7994390419853423,Disabled,261967,4191468,838272.5928888223,70.639,167.697,129.698,4292063232,read,64,full,5.0001253,False,1024,Plain,True,True,0,0,1073741824,True,4096.0,0.0,92.9000919236964
0,0.03497399999999999,0.056946,0,0,603979776,8192,True,v2,5.445518389009166,Disabled,0,524288,5710039.890273675,,,,536870912,write,64,full,0.091818623,False,1024,Plain,True,True,,,1073741824,True,0.0,1.125,100.1104100635445
0,0.13729299999999997,0.047819,355860480,86880,0,0,True,v2,0.01657091129736048,Disabled,5430,86880,17375.859884541063,55.738,64.368,63.629,88965120,read,1,full,5.000040319,False,1024,Plain,True,True,0,0,1073741824,True,4096.0,0.0,3.7022101461178227
0,2.466476,2.2016470000000004,17008918528,4152519,0,0,True,v2,0.7920233696944503,Disabled,259536,4152568,830496.6969007279,71.309,169.216,129.908,4252229632,read,64,full,5.000101765,False,1024,Plain,True,True,0,0,1073741824,True,4096.0,0.0,93.36055983252574
0,0.013370999999999994,0.052972000000000005,0,0,578818048,6145,True,legacy,7.45563064734199,Disabled,0,131072,1954448.8404168186,,,,536870912,write,64,full,0.067063408,False,4096,Plain,True,True,,,1073741824,True,0.0,1.0781326293945312,98.92578080732191
0,0.12940999999999997,0.05472999999999999,357019648,87163,0,0,True,legacy,0.06649968440176666,Disabled,5448,87163,17432.49326781672,55.669,67.579,63.718,357019648,read,1,full,5.000030613,False,4096,Plain,True,True,0,0,1073741824,True,4096.0,0.0,3.6827774518267726
0,2.647144,1.9954749999999999,17375825920,4242074,0,0,True,legacy,3.2364096096487174,Disabled,265135,4242145,848405.3607117534,69.888,168.237,129.237,17375825920,read,64,full,5.000139316,False,4096,Plain,True,True,0,0,1073741824,True,4096.0,0.0,92.84979290765024
0,0.024630999999999986,0.022815,0,0,553648128,6144,True,v2,8.607842598505224,Disabled,0,131072,2256494.2901425534,,,,536870912,write,64,full,0.058086564,False,4096,Plain,True,True,,,1073741824,True,0.0,1.03125,81.68153998573575
0,0.149467,0.030976999999999998,356409344,87014,0,0,True,v2,0.06638598266280528,Disabled,5439,87014,17402.687039158427,55.629,68.049,63.578,356409344,read,1,full,5.000032455,False,4096,Plain,True,True,0,0,1073741824,True,4096.0,0.0,3.608856574911972
0,2.7027740000000002,1.932134,17465823232,4264049,0,0,True,v2,3.25319535465798,Disabled,266508,4264117,852805.6430514615,69.669,168.507,128.617,17465823232,read,64,full,5.000104109,False,4096,Plain,True,True,0,0,1073741824,True,4096.0,0.0,92.69622989764032
0,0.010537999999999992,0.03721,0,0,537399296,4225,True,legacy,7.485131347962124,Disabled,0,128,1916.1936250783037,,,,536870912,write,64,full,0.066799095,False,4194304,Plain,True,True,,,1073741824,True,0.0,1.0009841918945312,71.48001032049909
0,0.21431500000000003,0.0,28726788096,219168,0,0,True,legacy,5.350118076113875,Disabled,429,6849,1369.630227485152,698.855,1738.894,1155.276,28726788096,read,1,full,5.000619775,False,4194304,Plain,True,True,,,1073741824,True,4194304.0,0.0,4.285768757533661
0,0.5046999999999999,0.0055629999999999985,62167973888,474304,0,0,True,legacy,11.572422620075196,Disabled,927,14822,2962.54019073925,5144.933,12708.897,10235.168,62167973888,read,16,full,5.003138876,False,4194304,Plain,True,True,,,1073741824,True,4194304.0,0.0,10.198857410249506
0,1.0962419999999997,0.0051310000000000106,62767759360,478880,0,0,True,legacy,11.655889495870019,Disabled,936,14965,2983.907710942725,21177.521,41929.781,34105.623,62767759360,read,64,full,5.01523554,False,4194304,Plain,True,True,,,1073741824,True,4194304.0,0.0,21.960543851146813
0,0.004961000000000007,0.040957,0,0,537395200,4224,True,v2,8.826476520354403,Disabled,0,128,2259.577989210727,,,,536870912,write,64,full,0.056647746,False,4194304,Plain,True,True,,,1073741824,True,0.0,1.0009765625,81.0588297723267
0,0.24522700000000003,0.0,32602324992,248736,0,0,True,v2,6.072318003670242,Disabled,486,7773,1554.513408939582,628.847,1965.3,940.84,32602324992,read,1,full,5.000278515,False,4194304,Plain,True,True,,,1073741824,True,4194304.0,0.0,4.904266817625459
0,0.5159569999999999,0.0045520000000000005,62507712512,476896,0,0,True,v2,11.636699810786553,Disabled,932,14903,2978.9951515613575,5012.056,14753.324,11356.205,62507712512,read,16,full,5.002693607,False,4194304,Plain,True,True,,,1073741824,True,4194304.0,0.0,10.404574832879623
0,1.0967409999999997,0.0,62801313792,479136,0,0,True,v2,11.660077864221272,Disabled,936,14973,2984.9799332406456,20943.746,36417.825,31452.678,62801313792,read,64,full,5.016114123,False,4194304,Plain,True,True,,,1073741824,True,4194304.0,0.0,21.864355018782327
0,0.013381000000000004,0.030124,0,0,570429440,8193,True,legacy,9.158594769695044,Disabled,0,8192,150054.4167066836,,,,536870912,write,64,full,0.054593528,False,65536,Plain,True,True,,,1073741824,True,0.0,1.0625076293945312,79.68893309111658
0,0.074995,0.018862999999999998,2623078400,40025,0,0,True,legacy,0.48857736990198336,Disabled,2502,40025,8004.851628474095,117.697,267.584,161.027,2623078400,read,1,full,5.000092676,False,65536,Plain,True,True,0,0,1073741824,True,65536.0,0.0,1.8771252071088609
0,1.488441,0.44613699999999995,62455349248,952993,0,0,True,legacy,11.631446198369636,Disabled,59563,952993,190569.6145140881,263.644,1853.792,1232.385,62455349248,read,64,full,5.000760496,False,65536,Plain,True,True,0,0,1073741824,True,65536.0,0.0,38.68567593963812
0,0.013012999999999997,0.021899,0,0,570425344,8192,True,v2,9.181564520231118,Disabled,0,8192,150430.75309946664,,,,536870912,write,64,full,0.05445695,False,65536,Plain,True,True,,,1073741824,True,0.0,1.0625,64.10935610606177
0,0.079043,0.012812999999999998,2623406080,40030,0,0,True,v2,0.4886407895248006,Disabled,2502,40030,8005.890695574333,117.788,254.355,160.967,2623406080,read,1,full,5.000068265,False,65536,Plain,True,True,0,0,1073741824,True,65536.0,0.0,1.8370949181430822
0,1.428316,0.483175,62489624576,953516,0,0,True,v2,11.638343038426159,Disabled,59595,953516,190682.6123415742,263.314,1850.521,1191.066,62489624576,read,64,full,5.000539841,False,65536,Plain,True,True,0,0,1073741824,True,65536.0,0.0,38.22569284075023
0,0.006718000000000002,0.043136,0,0,580751360,8231,True,legacy,8.983061916338835,Disabled,0,30656,550918.9677378682,,,,536725248,write,64,full,0.055645207,False,mixed,Plain,True,True,,,1073741824,True,0.0,1.0820272796259438,89.59262205637944
0,0.10825500000000002,0.038241000000000004,1336594432,68692,0,0,True,legacy,0.22389713193710123,Disabled,4294,68692,13738.39307584989,56.709,185.656,159.966,1202039180,read,1,full,5.00000252,False,mixed,Plain,True,True,0,0,1073741824,True,19457.788854597333,0.0,2.9299185233210645
0,2.354288,1.32081,50074976256,2573356,0,0,True,legacy,8.393137802285672,Disabled,160853,2573646,514713.34054960834,99.708,585.108,395.422,45061703872,read,64,full,5.000154061,False,mixed,Plain,True,True,0,0,1073741824,True,19456.823609773837,0.0,73.49969531268809
0,0.009390999999999997,0.028702,0,0,568975360,4790,True,v2,8.701578282425286,Disabled,0,30656,533655.9593700088,,,,536725248,write,64,full,0.05744525,False,mixed,Plain,True,True,,,1073741824,True,0.0,1.0600868174548779,66.31183605258919
0,0.11834899999999998,0.02786000000000001,1321508864,67919,0,0,True,v2,0.22138203398640033,Disabled,4245,67919,13583.657925805022,57.239,166.557,160.067,1188548176,read,1,full,5.000052296,False,mixed,Plain,True,True,0,0,1073741824,True,19457.130758697862,0.0,2.9241494157364305
0,2.437005,1.2049189999999999,49825230848,2560873,0,0,True,v2,8.351059042520058,Disabled,160059,2560943,512161.6137948399,100.688,591.708,399.881,44836769204,read,64,full,5.000263454,False,mixed,Plain,True,True,0,0,1073741824,True,19455.814068489613,0.0,72.83464228443032
1,0.10865399999999997,1.285639,0,0,1030795264,83885,True,legacy,0.35860948523297254,Disabled,0,5368704,3850540.0277775303,,,,536870400,write,64,full,1.394273001,False,100,Plain,True,True,,,1073741824,True,0.0,1.9200076294018071,100.00143436758695
1,0.04506699999999997,0.144015,355852288,86878,0,0,True,legacy,0.0016182172821716597,Disabled,5430,86878,17375.475761873207,55.679,67.379,63.688,8687800,read,1,full,5.000035751,False,100,Plain,True,True,0,0,1073741824,True,4096.0,0.0,3.7816129607110076
1,2.3002719999999997,2.431652,16564981760,4044157,0,0,True,legacy,0.07532693629123474,Disabled,252762,4044185,808816.8196968219,72.768,169.277,132.107,404418500,read,64,full,5.000124752,False,100,Plain,True,True,0,0,1073741824,True,4096.0,0.0,94.63611879098171
1,0.240745,0.644077,0,0,1030791168,83886,True,v2,0.5651374294292629,Disabled,0,5368704,6068116.94286048,,,,536870400,write,64,full,0.884739706,False,100,Plain,True,True,,,1073741824,True,0.0,1.92,100.0093014927941
1,0.07183599999999996,0.12147399999999997,355725312,86847,0,0,True,v2,0.0016176411853192287,Disabled,5428,86847,17369.289969021906,55.759,67.308,63.669,8684700,read,1,full,5.000031674,False,100,Plain,True,True,0,0,1073741824,True,4096.0,0.0,3.8661755085513874
1,2.2150350000000003,2.5355550000000004,16330145792,3986833,0,0,True,v2,0.0742596191193027,Disabled,249179,3986852,797356.5888270537,73.779,169.117,133.307,398685200,read,64,full,5.000086606,False,100,Plain,True,True,0,0,1073741824,True,4096.0,0.0,95.01015431011518
1,0.009190000000000004,0.13021,0,0,738201600,8193,True,legacy,3.5877879619610664,Disabled,0,524288,3762068.350001287,,,,536870912,write,64,full,0.139361636,False,1024,Plain,True,True,,,1073741824,True,0.0,1.3750076293945312,100.02752837947453
1,0.09322299999999997,0.09321100000000002,356200448,86963,0,0,True,legacy,0.016586710748379054,Disabled,5436,86963,17392.426809692315,55.639,65.969,63.539,89050112,read,1,full,5.000049789,False,1024,Plain,True,True,0,0,1073741824,True,4096.0,0.0,3.7286428709200194
1,2.573337,2.0817300000000003,17261162496,4214118,0,0,True,legacy,0.8037718748228272,Disabled,263385,4214151,842815.8974142208,70.318,167.517,129.008,4315290624,read,64,full,5.00008485,False,1024,Plain,True,True,0,0,1073741824,True,4096.0,0.0,93.09976009707115
1,0.02461200000000001,0.066958,0,0,603979776,8192,True,v2,5.465069429444347,Disabled,0,524288,5730540.642049036,,,,536870912,write,64,full,0.091490146,False,1024,Plain,True,True,,,1073741824,True,0.0,1.125,100.08728153084378
1,0.12232400000000002,0.064288,356220928,86968,0,0,True,v2,0.01658766090660246,Disabled,5436,86968,17393.42312280158,55.648,64.739,63.479,89055232,read,1,full,5.000050846,False,1024,Plain,True,True,0,0,1073741824,True,4096.0,0.0,3.732202046490949
1,2.494554,2.1800759999999997,17048682496,4162231,0,0,True,v2,0.7938757305427444,Disabled,260143,4162276,832439.0380295888,71.148,168.316,129.758,4262170624,read,64,full,5.000097076,False,1024,Plain,True,True,0,0,1073741824,True,4096.0,0.0,93.49078485771382
1,0.020061999999999997,0.041691,0,0,578818048,6145,True,legacy,7.9825693892028475,Disabled,0,131072,2092582.6699631913,,,,536870912,write,64,full,0.062636474,False,4096,Plain,True,True,,,1073741824,True,0.0,1.0781326293945312,98.58952149828868
1,0.14153999999999997,0.043012999999999996,356397056,87011,0,0,True,legacy,0.06638333220525618,Disabled,5439,87011,17401.992237614675,55.708,90.018,63.489,356397056,read,1,full,5.000059695,False,4096,Plain,True,True,0,0,1073741824,True,4096.0,0.0,3.6910159329607755
1,2.670007,1.9640950000000001,17512624128,4275479,0,0,True,legacy,3.2618918883057084,Disabled,267222,4275543,855085.3871680116,69.389,167.957,128.057,17512624128,read,64,full,5.000135734,False,4096,Plain,True,True,0,0,1073741824,True,4096.0,0.0,92.6795240474966
1,0.01629599999999999,0.03411,0,0,553648128,6144,True,v2,8.59713986568207,Disabled,0,131072,2253688.6329493606,,,,536870912,write,64,full,0.058158877,False,4096,Plain,True,True,,,1073741824,True,0.0,1.03125,86.66948641391407
1,0.14326399999999997,0.038381000000000005,356503552,87037,0,0,True,v2,0.06640390545548316,Disabled,5440,87037,17407.38539172218,55.609,65.369,63.479,356503552,read,1,full,5.000004196,False,4096,Plain,True,True,0,0,1073741824,True,4096.0,0.0,3.632896951272878
1,2.6653480000000003,1.965804,17472331776,4265641,0,0,True,v2,3.2544298453703977,Disabled,266607,4265706,853129.2573847775,69.628,168.536,128.397,17472331776,read,64,full,5.000069993,False,4096,Plain,True,True,0,0,1073741824,True,4096.0,0.0,92.62174342526248
1,0.011362999999999998,0.035819,0,0,537399296,4225,True,legacy,7.383911254838123,Disabled,0,128,1890.2812812385596,,,,536870912,write,64,full,0.06771479,False,4194304,Plain,True,True,,,1073741824,True,0.0,1.0009841918945312,69.67754016515445
1,0.211376,0.000902,28525461504,217632,0,0,True,legacy,5.313189770686442,Disabled,426,6801,1360.1765812957292,711.595,1893.231,1064.658,28525461504,read,1,full,5.000086087,False,4194304,Plain,True,True,,,1073741824,True,4194304.0,0.0,4.245486903753784
1,0.511248,0.0015249999999999986,62214111232,474656,0,0,True,legacy,11.580501957482147,Disabled,928,14833,2964.6085011154296,5100.175,11324.166,10104.501,62214111232,read,16,full,5.003358789,False,4194304,Plain,True,True,,,1073741824,True,4194304.0,0.0,10.248575439509622
1,1.1363170000000002,0.005753000000000008,62759370752,478816,0,0,True,legacy,11.653226903512486,Disabled,936,14963,2983.2260872991965,20827.409,36397.248,32004.899,62759370752,read,64,full,5.015711033,False,4194304,Plain,True,True,,,1073741824,True,4194304.0,0.0,22.769852419446597
1,0.0035760000000000097,0.0422,0,0,537395200,4224,True,v2,8.783423319212458,Disabled,0,128,2248.5563697183893,,,,536870912,write,64,full,0.056925413,False,4194304,Plain,True,True,,,1073741824,True,0.0,1.0009765625,80.41399717205391
1,0.246136,0.0,33172750336,253088,0,0,True,v2,6.178741196050682,Disabled,495,7909,1581.7577461889746,630.057,746.405,722.635,33172750336,read,1,full,5.000133566,False,4194304,Plain,True,True,,,1073741824,True,4194304.0,0.0,4.922588501908831
1,0.511705,0.00272,62549655552,477216,0,0,True,v2,11.644892157874265,Disabled,933,14913,2981.092392415812,5123.264,12519.701,11032.382,62549655552,read,16,full,5.002528616,False,4194304,Plain,True,True,,,1073741824,True,4194304.0,0.0,10.283299496871882
1,1.101203,0.006448999999999996,62834868224,479392,0,0,True,v2,11.664926163483706,Disabled,937,14981,2986.2210978518287,20951.717,33333.291,31497.999,62834868224,read,64,full,5.016708244,False,4194304,Plain,True,True,,,1073741824,True,4194304.0,0.0,22.079258871088534
1,0.014614000000000002,0.02889,0,0,570429440,8193,True,legacy,9.159048917765864,Disabled,0,8192,150061.8574686759,,,,536870912,write,64,full,0.054590821,False,65536,Plain,True,True,,,1073741824,True,0.0,1.0625076293945312,79.69105282369723
1,0.07624999999999998,0.01881,2632122368,40163,0,0,True,legacy,0.490266852554419,Disabled,2511,40163,8032.532112251601,117.507,161.627,160.757,2632122368,read,1,full,5.000042258,False,65536,Plain,True,True,0,0,1073741824,True,65536.0,0.0,1.9011839319538804
1,1.4971180000000002,0.450508,62503452672,953727,0,0,True,legacy,11.641023904904568,Disabled,59608,953727,190726.53565795644,263.274,1721.934,1179.726,62503452672,read,64,full,5.000494539,False,65536,Plain,True,True,0,0,1073741824,True,65536.0,0.0,38.94866767296754
1,0.014498999999999998,0.020495,0,0,570425344,8192,True,v2,9.181449197737823,Disabled,0,8192,150428.8636557365,,,,536870912,write,64,full,0.054457634,False,65536,Plain,True,True,,,1073741824,True,0.0,1.0625,64.25912664512748
1,0.078286,0.014235000000000001,2629566464,40124,0,0,True,v2,0.48978204687637733,Disabled,2508,40124,8024.589056022566,117.348,162.026,160.746,2629566464,read,1,full,5.000131436,False,65536,Plain,True,True,0,0,1073741824,True,65536.0,0.0,1.8503713589180137
1,1.4283819999999998,0.485058,62494277632,953587,0,0,True,v2,11.639433264661664,Disabled,59600,953587,190700.4746082167,263.134,1891.801,1190.955,62494277632,read,64,full,5.000443769,False,65536,Plain,True,True,0,0,1073741824,True,65536.0,0.0,38.26540380000421
1,0.004779999999999993,0.04481,0,0,580751360,8234,True,legacy,8.986528608863097,Disabled,0,30656,551131.5752746656,,,,536725248,write,64,full,0.055623741,False,mixed,Plain,True,True,,,1073741824,True,0.0,1.0820272796259438,89.15257965119605
1,0.103661,0.043946,1335574528,68638,0,0,True,legacy,0.22372824708151692,Disabled,4290,68638,13727.594519944269,56.829,185.776,160.086,1201132360,read,1,full,5.000001996,False,mixed,Plain,True,True,0,0,1073741824,True,19458.237827442525,0.0,2.9521388215061823
1,2.443645,1.2399769999999999,50077110272,2573466,0,0,True,legacy,8.393090214332034,Disabled,160860,2573747,514708.3730073542,99.918,594.338,392.972,45063651680,read,64,full,5.000398546,False,mixed,Plain,True,True,0,0,1073741824,True,19456.889224931587,0.0,73.66656809679026
1,0.008362999999999995,0.02923,0,0,568975360,4790,True,v2,8.795071731020363,Disabled,0,30656,539389.7853939136,,,,536725248,write,64,full,0.056834595,False,mixed,Plain,True,True,,,1073741824,True,0.0,1.0600868174548779,66.14457268499933
1,0.11680000000000001,0.028388000000000004,1319591936,67841,0,0,True,v2,0.22105105922532237,Disabled,4241,67841,13568.192244421312,61.279,161.437,159.817,1186759516,read,1,full,5.000002858,False,mixed,Plain,True,True,0,0,1073741824,True,19451.245353105056,0.0,2.903758340211733
1,2.489401,1.1428440000000002,49838915584,2561491,0,0,True,v2,8.353470026569202,Disabled,160098,2561554,512287.7971508748,100.868,589.628,392.122,44849364460,read,64,full,5.000224511,False,mixed,Plain,True,True,0,0,1073741824,True,19456.5156869619,0.0,72.64163823063184
2,0.08141299999999999,1.305173,0,0,1030795264,83885,True,legacy,0.36060360488385446,Disabled,0,5368704,3871951.7244896516,,,,536870400,write,64,full,1.386562742,False,100,Plain,True,True,,,1073741824,True,0.0,1.9200076294018071,100.00167738532815
2,0.039244,0.14803900000000003,355774464,86859,0,0,True,legacy,0.0016178739322042389,Disabled,5429,86859,17371.789069670318,55.739,65.169,63.739,8685900,read,1,full,5.000003146,False,100,Plain,True,True,0,0,1073741824,True,4096.0,0.0,3.7456576432322115
2,2.312893,2.413076,16560726016,4043115,0,0,True,legacy,0.07530805333461443,Disabled,252697,4043146,808614.0654939818,72.829,169.106,132.017,404314600,read,64,full,5.000093583,False,100,Plain,True,True,0,0,1073741824,True,4096.0,0.0,94.51761095168287
2,0.24225399999999997,0.621166,0,0,1030791168,83886,True,v2,0.579132526965084,Disabled,0,5368704,6218388.158412185,,,,536870400,write,64,full,0.863359421,False,100,Plain,True,True,,,1073741824,True,0.0,1.92,100.00701666056182
2,0.07084000000000001,0.11666499999999991,355872768,86883,0,0,True,v2,0.001618320575772775,Disabled,5431,86883,17376.584868469898,55.749,64.829,63.638,8688300,read,1,full,5.000004354,False,100,Plain,True,True,0,0,1073741824,True,4096.0,0.0,3.750096734415762
2,2.258254,2.4825559999999998,16367247360,3995894,0,0,True,v2,0.07442826502022852,Disabled,249745,3995910,799167.4103997557,73.698,169.067,133.087,399591000,read,64,full,5.00009128,False,100,Plain,True,True,0,0,1073741824,True,4096.0,0.0,94.8144690670527
2,0.014606000000000008,0.122741,0,0,738201600,8193,True,legacy,3.6427758225704725,Disabled,0,524288,3819727.300927656,,,,536870912,write,64,full,0.137257966,False,1024,Plain,True,True,,,1073741824,True,0.0,1.3750076293945312,100.06486618051733
2,0.09984300000000002,0.08532799999999999,355979264,86909,0,0,True,legacy,0.01657640762100712,Disabled,5432,86909,17381.62319760516,55.708,64.559,63.519,88994816,read,1,full,5.000050859,False,1024,Plain,True,True,0,0,1073741824,True,4096.0,0.0,3.7033823299356166
2,2.517975,2.13183,17231884288,4206969,0,0,True,legacy,0.8024031931169225,Disabled,262938,4207003,841380.7306257702,70.369,168.096,129.398,4307971072,read,64,full,5.000118076,False,1024,Plain,True,True,0,0,1073741824,True,4096.0,0.0,92.9939039303599
2,0.030972,0.061957,0,0,603979776,8192,True,v2,5.385691851845692,Disabled,0,524288,5647307.219240949,,,,536870912,write,64,full,0.092838583,False,1024,Plain,True,True,,,1073741824,True,0.0,1.125,100.09739162003366
2,0.13255999999999998,0.05212699999999999,356081664,86934,0,0,True,v2,0.016581245723891438,Disabled,5434,86934,17386.69631617519,55.788,64.459,63.569,89020416,read,1,full,5.000029817,False,1024,Plain,True,True,0,0,1073741824,True,4096.0,0.0,3.6937179728822405
2,2.48598,2.182395,16991735808,4148326,0,0,True,v2,0.7912183846436381,Disabled,259274,4148373,829652.6088960875,71.369,166.427,129.718,4247933952,read,64,full,5.000132532,False,1024,Plain,True,True,0,0,1073741824,True,4096.0,0.0,93.36502522929526
2,0.009757999999999989,0.052072,0,0,578818048,6145,True,legacy,8.03904183174906,Disabled,0,131072,2107386.5819420256,,,,536870912,write,64,full,0.062196467,False,4096,Plain,True,True,,,1073741824,True,0.0,1.0781326293945312,99.41079129140887
2,0.12815200000000002,0.05537700000000001,356204544,86964,0,0,True,legacy,0.06634761729724058,Disabled,5436,86964,17392.629788767834,55.679,64.379,63.548,356204544,read,1,full,5.000048932,False,4096,Plain,True,True,0,0,1073741824,True,4096.0,0.0,3.6705440785874295
2,2.7242550000000003,1.910046,17550086144,4284623,0,0,True,legacy,3.26888015754249,Disabled,267794,4284689,856917.3200188185,69.259,167.127,128.247,17550086144,read,64,full,5.000119498,False,4096,Plain,True,True,0,0,1073741824,True,4096.0,0.0,92.68380489413657
2,0.017606999999999998,0.029996,0,0,553648128,6144,True,v2,8.560693217542537,Disabled,0,131072,2244134.362819471,,,,536870912,write,64,full,0.058406485,False,4096,Plain,True,True,,,1073741824,True,0.0,1.03125,81.50293584693547
2,0.146775,0.037142999999999995,355950592,86902,0,0,True,v2,0.06630063234842219,Disabled,5432,86902,17380.312966344787,55.699,64.628,63.598,355950592,read,1,full,5.000025038,False,4096,Plain,True,True,0,0,1073741824,True,4096.0,0.0,3.678341580336701
2,2.68192,1.954748,17416400896,4251982,0,0,True,v2,3.2439592420553027,Disabled,265754,4252051,850384.4515493453,69.849,167.527,128.557,17416400896,read,64,full,5.000151393,False,4096,Plain,True,True,0,0,1073741824,True,4096.0,0.0,92.73055224870068
2,0.010120999999999991,0.037559999999999996,0,0,537399296,4225,True,legacy,7.433849665733977,Disabled,0,128,1903.065514427898,,,,536870912,write,64,full,0.067259902,False,4194304,Plain,True,True,,,1073741824,True,0.0,1.0009841918945312,70.89067718237233
2,0.204197,0.001680000000000001,27527217152,210016,0,0,True,legacy,5.126857310702246,Disabled,411,6563,1312.475471539775,739.385,2300.242,1359.172,27527217152,read,1,full,5.000474403,False,4194304,Plain,True,True,,,1073741824,True,4194304.0,0.0,4.117149362398206
2,0.5081789999999999,0.002254000000000006,62071504896,473568,0,0,True,legacy,11.556835857413681,Disabled,925,14799,2958.5499794979023,5190.803,12041.242,10993.563,62071504896,read,16,full,5.002112556,False,4194304,Plain,True,True,,,1073741824,True,4194304.0,0.0,10.204348548449573
2,1.119043,0.0057759999999999895,62667096064,478112,0,0,True,legacy,11.635770093170976,Disabled,934,14941,2978.75714385177,20990.607,41311.518,34427.11,62667096064,read,64,full,5.015850329,False,4194304,Plain,True,True,,,1073741824,True,4194304.0,0.0,22.425290353993734
2,0.006378000000000009,0.039139,0,0,537395200,4224,True,v2,8.520201226704492,Disabled,0,128,2181.17151403635,,,,536870912,write,64,full,0.05868406,False,4194304,Plain,True,True,,,1073741824,True,0.0,1.0009765625,77.56279984718168
2,0.23043299999999997,0.0,31029460992,236736,0,0,True,v2,5.779355637840563,Disabled,463,7398,1479.5150432871842,633.367,1524.519,966.22,31029460992,read,1,full,5.00028711,False,4194304,Plain,True,True,,,1073741824,True,4194304.0,0.0,4.608395376720677
2,0.513854,0.0,62369300480,475840,0,0,True,v2,11.611129634624632,Disabled,930,14870,2972.449186463906,5122.424,13971.942,11230.368,62369300480,read,16,full,5.002608646,False,4194304,Plain,True,True,,,1073741824,True,4194304.0,0.0,10.271720943249656
2,1.1121059999999998,0.004396999999999998,62746787840,478720,0,0,True,v2,11.645975524267401,Disabled,935,14960,2981.3697342124547,20904.689,34549.977,31750.626,62746787840,read,64,full,5.017827822,False,4194304,Plain,True,True,,,1073741824,True,4194304.0,0.0,22.250723612014756
2,0.010710999999999998,0.032618,0,0,570429440,8193,True,legacy,9.160556972123729,Disabled,0,8192,150086.56543127517,,,,536870912,write,64,full,0.054581834,False,65536,Plain,True,True,,,1073741824,True,0.0,1.0625076293945312,79.3835546090298
2,0.074456,0.01965,2622750720,40020,0,0,True,legacy,0.48852064386531185,Disabled,2502,40020,8003.922229089269,118.118,165.126,160.847,2622750720,read,1,full,5.000048583,False,65536,Plain,True,True,0,0,1073741824,True,65536.0,0.0,1.8821017123705013
2,1.4961979999999997,0.43904800000000005,62449909760,952910,0,0,True,legacy,11.631236146360578,Disabled,59557,952910,190566.1730219717,263.395,1836.053,1190.996,62449909760,read,64,full,5.000415262,False,65536,Plain,True,True,0,0,1073741824,True,65536.0,0.0,38.70170573045499
2,0.013663999999999996,0.02145,0,0,570425344,8192,True,v2,9.18431575295491,Disabled,0,8192,150475.82929641326,,,,536870912,write,64,full,0.054440637,False,65536,Plain,True,True,,,1073741824,True,0.0,1.0625,64.49961266985173
2,0.07842199999999999,0.014026999999999998,2622291968,40013,0,0,True,v2,0.48843456510930494,Disabled,2501,40013,8002.511914750852,117.618,298.093,160.987,2622291968,read,1,full,5.000055036,False,65536,Plain,True,True,0,0,1073741824,True,65536.0,0.0,1.8489596481313608
2,1.437003,0.47005199999999997,62444404736,952826,0,0,True,v2,11.630277883873577,Disabled,59552,952826,190550.47284938468,263.045,1912.14,1216.225,62444404736,read,64,full,5.000386437,False,65536,Plain,True,True,0,0,1073741824,True,65536.0,0.0,38.138152401360095
2,0.016197000000000003,0.033631,0,0,580751360,8231,True,legacy,8.98403305045284,Disabled,0,30656,550978.5260720537,,,,536725248,write,64,full,0.055639192,False,mixed,Plain,True,True,,,1073741824,True,0.0,1.0820272796259438,89.55557801773973
2,0.11260300000000001,0.033377000000000004,1337618432,68747,0,0,True,legacy,0.22406796207593116,Disabled,4297,68747,13749.31802106623,56.839,165.137,159.886,1202962884,read,1,full,5.000029812,False,mixed,Plain,True,True,0,0,1073741824,True,19457.117139657003,0.0,2.9195825922807517
2,2.472195,1.2099259999999998,50090004480,2574108,0,0,True,legacy,8.395537528352568,Disabled,160901,2574405,514858.22329003154,99.738,598.108,394.922,45075192880,read,64,full,5.000221194,False,mixed,Plain,True,True,0,0,1073741824,True,19456.924796215048,0.0,73.6391622918272
2,0.008403999999999995,0.028947999999999998,0,0,568975360,4790,True,v2,8.904816642169541,Disabled,0,30656,546120.29150952,,,,536725248,write,64,full,0.056134153,False,mixed,Plain,True,True,,,1073741824,True,0.0,1.0600868174548779,66.54059606101119
2,0.11745999999999998,0.026604000000000003,1320837120,67890,0,0,True,v2,0.2212655336357051,Disabled,4244,67890,13577.857174520383,57.239,161.626,159.736,1187922784,read,1,full,5.000052595,False,mixed,Plain,True,True,0,0,1073741824,True,19455.547503314185,0.0,2.881249692134488
2,2.518412,1.1191080000000002,49867243520,2562979,0,0,True,v2,8.358162449764421,Disabled,160191,2563055,512586.10810097004,100.778,593.907,394.082,44874722044,read,64,full,5.000242807,False,mixed,Plain,True,True,0,0,1073741824,True,19456.173792602967,0.0,72.74686731027779
