run,engine,value_bytes,phase,samples,max_observed_tasks,max_observed_io_wq,max_observed_running_tasks,max_observed_running_io_wq
split-r1-foyer-d20-k16-v100,foyer,100,setup_and_write,6,101,20,60,3
split-r1-foyer-d20-k16-v100,foyer,100,verify,20,101,20,71,0
split-r1-foyer-d20-k16-v100,foyer,100,read_160,28,101,20,62,0
split-r1-foyer-d20-k16-v100,foyer,100,read_640,28,101,20,69,0
split-r1-foyer-d20-k16-v100,foyer,100,read_2560,28,101,20,72,0
split-r1-foyer-d20-k16-v1024,foyer,1024,setup_and_write,6,101,20,57,0
split-r1-foyer-d20-k16-v1024,foyer,1024,verify,20,101,20,72,0
split-r1-foyer-d20-k16-v1024,foyer,1024,read_160,28,101,20,62,0
split-r1-foyer-d20-k16-v1024,foyer,1024,read_640,27,101,20,73,0
split-r1-foyer-d20-k16-v1024,foyer,1024,read_2560,28,101,20,72,0
split-r1-foyer-d20-k16-v1024,foyer,1024,close,1,15,0,3,0
split-r1-foyer-d20-k16-v4096,foyer,4096,setup_and_write,7,101,20,54,2
split-r1-foyer-d20-k16-v4096,foyer,4096,verify,19,101,20,74,0
split-r1-foyer-d20-k16-v4096,foyer,4096,read_160,28,101,20,65,0
split-r1-foyer-d20-k16-v4096,foyer,4096,read_640,28,101,20,72,0
split-r1-foyer-d20-k16-v4096,foyer,4096,read_2560,28,101,20,71,0
split-r1-foyer-d20-k16-v4194304,foyer,4194304,setup_and_write,22,101,20,65,5
split-r1-foyer-d20-k16-v4194304,foyer,4194304,verify,29,401,320,37,11
split-r1-foyer-d20-k16-v4194304,foyer,4194304,read_160,26,417,336,68,7
split-r1-foyer-d20-k16-v4194304,foyer,4194304,read_640,27,220,139,68,7
split-r1-foyer-d20-k16-v4194304,foyer,4194304,read_2560,32,517,436,37,16
split-r1-foyer-d20-k16-v4194304,foyer,4194304,close,1,506,425,13,0
split-r1-foyer-d20-k16-v65536,foyer,65536,setup_and_write,5,101,20,50,2
split-r1-foyer-d20-k16-v65536,foyer,65536,verify,2,101,20,60,0
split-r1-foyer-d20-k16-v65536,foyer,65536,read_160,27,101,20,58,0
split-r1-foyer-d20-k16-v65536,foyer,65536,read_640,28,101,20,73,0
split-r1-foyer-d20-k16-v65536,foyer,65536,read_2560,28,101,20,72,0
split-r1-v1-d20-k16-v100,v1,100,setup_and_write,7,21,0,17,0
split-r1-v1-d20-k16-v100,v1,100,verify,2,21,0,20,0
split-r1-v1-d20-k16-v100,v1,100,read_160,27,21,0,20,0
split-r1-v1-d20-k16-v100,v1,100,read_640,28,21,0,20,0
split-r1-v1-d20-k16-v100,v1,100,read_2560,28,21,0,20,0
split-r1-v1-d20-k16-v100,v1,100,close,1,41,20,2,0
split-r1-v1-d20-k16-v1024,v1,1024,setup_and_write,7,21,0,20,0
split-r1-v1-d20-k16-v1024,v1,1024,verify,1,21,0,20,0
split-r1-v1-d20-k16-v1024,v1,1024,read_160,28,21,0,20,0
split-r1-v1-d20-k16-v1024,v1,1024,read_640,28,21,0,20,0
split-r1-v1-d20-k16-v1024,v1,1024,read_2560,28,21,0,20,0
split-r1-v1-d20-k16-v4096,v1,4096,setup_and_write,7,41,0,40,0
split-r1-v1-d20-k16-v4096,v1,4096,verify,2,41,20,20,0
split-r1-v1-d20-k16-v4096,v1,4096,read_160,28,41,20,20,0
split-r1-v1-d20-k16-v4096,v1,4096,read_640,28,41,20,20,0
split-r1-v1-d20-k16-v4096,v1,4096,read_2560,28,41,20,20,0
split-r1-v1-d20-k16-v4194304,v1,4194304,setup_and_write,20,41,20,23,5
split-r1-v1-d20-k16-v4194304,v1,4194304,verify,3,2258,2237,87,67
split-r1-v1-d20-k16-v4194304,v1,4194304,read_160,26,2392,2371,27,7
split-r1-v1-d20-k16-v4194304,v1,4194304,read_640,28,42,21,31,11
split-r1-v1-d20-k16-v4194304,v1,4194304,read_2560,24,5125,5104,599,579
split-r1-v1-d20-k16-v65536,v1,65536,setup_and_write,5,21,0,20,0
split-r1-v1-d20-k16-v65536,v1,65536,read_160,28,21,0,20,0
split-r1-v1-d20-k16-v65536,v1,65536,read_640,28,21,0,20,0
split-r1-v1-d20-k16-v65536,v1,65536,read_2560,28,21,0,20,0
split-r1-v2-d20-k16-v100,v2,100,setup_and_write,6,17,0,1,0
split-r1-v2-d20-k16-v100,v2,100,verify,2,21,0,20,0
split-r1-v2-d20-k16-v100,v2,100,read_160,28,21,0,20,0
split-r1-v2-d20-k16-v100,v2,100,read_640,28,21,0,20,0
split-r1-v2-d20-k16-v100,v2,100,read_2560,28,21,0,20,0
split-r1-v2-d20-k16-v1024,v2,1024,setup_and_write,6,17,0,1,0
split-r1-v2-d20-k16-v1024,v2,1024,verify,2,21,0,20,0
split-r1-v2-d20-k16-v1024,v2,1024,read_160,28,21,0,20,0
split-r1-v2-d20-k16-v1024,v2,1024,read_640,28,21,0,20,0
split-r1-v2-d20-k16-v1024,v2,1024,read_2560,28,21,0,20,0
split-r1-v2-d20-k16-v4096,v2,4096,setup_and_write,7,21,0,20,0
split-r1-v2-d20-k16-v4096,v2,4096,verify,1,21,0,20,0
split-r1-v2-d20-k16-v4096,v2,4096,read_160,28,21,0,20,0
split-r1-v2-d20-k16-v4096,v2,4096,read_640,28,21,0,20,0
split-r1-v2-d20-k16-v4096,v2,4096,read_2560,28,21,0,20,0
split-r1-v2-d20-k16-v4194304,v2,4194304,setup_and_write,20,21,0,20,0
split-r1-v2-d20-k16-v4194304,v2,4194304,verify,3,21,0,20,0
split-r1-v2-d20-k16-v4194304,v2,4194304,read_160,27,21,0,20,0
split-r1-v2-d20-k16-v4194304,v2,4194304,read_640,28,21,0,20,0
split-r1-v2-d20-k16-v4194304,v2,4194304,read_2560,29,21,0,20,0
split-r1-v2-d20-k16-v65536,v2,65536,setup_and_write,5,21,0,16,0
split-r1-v2-d20-k16-v65536,v2,65536,read_160,28,21,0,20,0
split-r1-v2-d20-k16-v65536,v2,65536,read_640,28,21,0,20,0
split-r1-v2-d20-k16-v65536,v2,65536,read_2560,28,21,0,20,0
split-r2-foyer-d20-k16-v100,foyer,100,setup_and_write,6,101,20,51,0
split-r2-foyer-d20-k16-v100,foyer,100,verify,17,101,20,72,0
split-r2-foyer-d20-k16-v100,foyer,100,read_640,28,101,20,71,0
split-r2-foyer-d20-k16-v100,foyer,100,close,1,11,0,1,0
split-r2-foyer-d20-k16-v1024,foyer,1024,setup_and_write,6,101,20,57,0
split-r2-foyer-d20-k16-v1024,foyer,1024,verify,17,101,20,73,0
split-r2-foyer-d20-k16-v1024,foyer,1024,read_640,28,101,20,72,1
split-r2-foyer-d20-k16-v1024,foyer,1024,close,1,5,0,1,0
split-r2-foyer-d20-k16-v4096,foyer,4096,setup_and_write,7,101,20,53,3
split-r2-foyer-d20-k16-v4096,foyer,4096,verify,16,101,20,72,0
split-r2-foyer-d20-k16-v4096,foyer,4096,read_640,28,101,20,69,0
split-r2-foyer-d20-k16-v4096,foyer,4096,close,1,7,0,1,0
split-r2-foyer-d20-k16-v4194304,foyer,4194304,setup_and_write,21,101,20,64,5
split-r2-foyer-d20-k16-v4194304,foyer,4194304,verify,34,416,335,48,11
split-r2-foyer-d20-k16-v4194304,foyer,4194304,read_640,27,1368,1287,20,14
split-r2-foyer-d20-k16-v4194304,foyer,4194304,close,1,93,63,2,0
split-r2-foyer-d20-k16-v65536,foyer,65536,setup_and_write,6,101,20,48,1
split-r2-foyer-d20-k16-v65536,foyer,65536,verify,1,101,20,63,0
split-r2-foyer-d20-k16-v65536,foyer,65536,read_640,27,101,20,70,0
split-r2-foyer-d20-k16-v65536,foyer,65536,close,1,1,0,1,0
split-r2-v1-d20-k16-v100,v1,100,setup_and_write,7,21,0,20,0
split-r2-v1-d20-k16-v100,v1,100,verify,2,21,0,20,0
split-r2-v1-d20-k16-v100,v1,100,read_640,27,21,0,20,0
split-r2-v1-d20-k16-v100,v1,100,close,1,26,5,17,0
split-r2-v1-d20-k16-v1024,v1,1024,setup_and_write,7,21,0,1,0
split-r2-v1-d20-k16-v1024,v1,1024,verify,1,21,0,20,0
split-r2-v1-d20-k16-v1024,v1,1024,read_640,28,21,0,20,0
split-r2-v1-d20-k16-v1024,v1,1024,close,1,33,16,13,0
split-r2-v1-d20-k16-v4096,v1,4096,setup_and_write,7,41,20,20,0
split-r2-v1-d20-k16-v4096,v1,4096,verify,2,41,20,20,0
split-r2-v1-d20-k16-v4096,v1,4096,read_640,28,41,20,20,0
split-r2-v1-d20-k16-v4194304,v1,4194304,setup_and_write,20,41,20,23,3
split-r2-v1-d20-k16-v4194304,v1,4194304,verify,3,2083,2062,103,83
split-r2-v1-d20-k16-v4194304,v1,4194304,read_640,26,2295,2274,88,68
split-r2-v1-d20-k16-v65536,v1,65536,setup_and_write,5,21,0,12,0
split-r2-v1-d20-k16-v65536,v1,65536,read_640,28,21,0,20,0
split-r2-v2-d20-k16-v100,v2,100,setup_and_write,6,17,0,1,0
split-r2-v2-d20-k16-v100,v2,100,verify,2,21,0,20,0
split-r2-v2-d20-k16-v100,v2,100,read_640,28,21,0,20,0
split-r2-v2-d20-k16-v100,v2,100,close,1,20,0,1,0
split-r2-v2-d20-k16-v1024,v2,1024,setup_and_write,6,17,0,1,0
split-r2-v2-d20-k16-v1024,v2,1024,verify,2,21,0,20,0
split-r2-v2-d20-k16-v1024,v2,1024,read_640,28,21,0,20,0
split-r2-v2-d20-k16-v4096,v2,4096,setup_and_write,7,21,0,20,0
split-r2-v2-d20-k16-v4096,v2,4096,verify,1,21,0,20,0
split-r2-v2-d20-k16-v4096,v2,4096,read_640,28,21,0,20,0
split-r2-v2-d20-k16-v4096,v2,4096,close,1,14,0,1,0
split-r2-v2-d20-k16-v4194304,v2,4194304,setup_and_write,20,21,0,20,0
split-r2-v2-d20-k16-v4194304,v2,4194304,verify,3,21,0,20,0
split-r2-v2-d20-k16-v4194304,v2,4194304,read_640,28,21,0,20,0
split-r2-v2-d20-k16-v65536,v2,65536,setup_and_write,5,21,0,16,0
split-r2-v2-d20-k16-v65536,v2,65536,read_640,28,21,0,20,0
split-r3-foyer-d20-k16-v100,foyer,100,setup_and_write,6,101,20,52,1
split-r3-foyer-d20-k16-v100,foyer,100,verify,17,101,20,69,0
split-r3-foyer-d20-k16-v100,foyer,100,read_640,28,101,20,72,0
split-r3-foyer-d20-k16-v100,foyer,100,close,1,9,0,1,0
split-r3-foyer-d20-k16-v1024,foyer,1024,setup_and_write,6,101,20,51,0
split-r3-foyer-d20-k16-v1024,foyer,1024,verify,17,101,20,73,0
split-r3-foyer-d20-k16-v1024,foyer,1024,read_640,28,101,20,71,0
split-r3-foyer-d20-k16-v1024,foyer,1024,close,1,20,0,1,0
split-r3-foyer-d20-k16-v4096,foyer,4096,setup_and_write,7,101,20,57,0
split-r3-foyer-d20-k16-v4096,foyer,4096,verify,16,101,20,76,0
split-r3-foyer-d20-k16-v4096,foyer,4096,read_640,28,101,20,73,0
split-r3-foyer-d20-k16-v4096,foyer,4096,close,1,2,0,1,0
split-r3-foyer-d20-k16-v4194304,foyer,4194304,setup_and_write,22,101,20,63,5
split-r3-foyer-d20-k16-v4194304,foyer,4194304,verify,33,415,334,64,11
split-r3-foyer-d20-k16-v4194304,foyer,4194304,read_640,26,1458,1377,46,18
split-r3-foyer-d20-k16-v4194304,foyer,4194304,close,2,1400,1319,20,0
split-r3-foyer-d20-k16-v65536,foyer,65536,setup_and_write,5,101,20,51,1
split-r3-foyer-d20-k16-v65536,foyer,65536,verify,1,101,20,43,0
split-r3-foyer-d20-k16-v65536,foyer,65536,read_640,28,101,20,73,0
split-r3-v1-d20-k16-v100,v1,100,setup_and_write,7,21,0,20,0
split-r3-v1-d20-k16-v100,v1,100,verify,2,21,0,20,0
split-r3-v1-d20-k16-v100,v1,100,read_640,27,21,0,20,0
split-r3-v1-d20-k16-v100,v1,100,close,1,33,12,9,0
split-r3-v1-d20-k16-v1024,v1,1024,setup_and_write,7,21,0,1,0
split-r3-v1-d20-k16-v1024,v1,1024,verify,1,21,0,20,0
split-r3-v1-d20-k16-v1024,v1,1024,read_640,28,21,0,20,0
split-r3-v1-d20-k16-v1024,v1,1024,close,1,33,16,9,0
split-r3-v1-d20-k16-v4096,v1,4096,setup_and_write,7,41,20,19,2
split-r3-v1-d20-k16-v4096,v1,4096,verify,2,41,20,20,0
split-r3-v1-d20-k16-v4096,v1,4096,read_640,28,41,20,20,0
split-r3-v1-d20-k16-v4194304,v1,4194304,setup_and_write,20,41,20,25,5
split-r3-v1-d20-k16-v4194304,v1,4194304,verify,3,2046,2025,117,97
split-r3-v1-d20-k16-v4194304,v1,4194304,read_640,26,2300,2279,31,11
split-r3-v1-d20-k16-v65536,v1,65536,setup_and_write,5,21,0,20,0
split-r3-v1-d20-k16-v65536,v1,65536,read_640,28,21,0,20,0
split-r3-v2-d20-k16-v100,v2,100,setup_and_write,6,17,0,1,0
split-r3-v2-d20-k16-v100,v2,100,verify,2,21,0,20,0
split-r3-v2-d20-k16-v100,v2,100,read_640,28,21,0,20,0
split-r3-v2-d20-k16-v100,v2,100,close,1,17,0,1,0
split-r3-v2-d20-k16-v1024,v2,1024,setup_and_write,6,17,0,1,0
split-r3-v2-d20-k16-v1024,v2,1024,verify,2,21,0,20,0
split-r3-v2-d20-k16-v1024,v2,1024,read_640,28,21,0,20,0
split-r3-v2-d20-k16-v4096,v2,4096,setup_and_write,7,21,0,20,0
split-r3-v2-d20-k16-v4096,v2,4096,verify,1,21,0,20,0
split-r3-v2-d20-k16-v4096,v2,4096,read_640,28,21,0,20,0
split-r3-v2-d20-k16-v4096,v2,4096,close,1,17,0,1,0
split-r3-v2-d20-k16-v4194304,v2,4194304,setup_and_write,20,21,0,20,0
split-r3-v2-d20-k16-v4194304,v2,4194304,verify,3,21,0,20,0
split-r3-v2-d20-k16-v4194304,v2,4194304,read_640,27,21,0,20,0
split-r3-v2-d20-k16-v4194304,v2,4194304,close,1,1,0,1,0
split-r3-v2-d20-k16-v65536,v2,65536,setup_and_write,5,21,0,16,0
split-r3-v2-d20-k16-v65536,v2,65536,read_640,28,21,0,20,0
